-- Adminer 4.2.1 MySQL dump

SET NAMES utf8;
SET time_zone = '+00:00';
SET foreign_key_checks = 0;
SET sql_mode = 'NO_AUTO_VALUE_ON_ZERO';

DROP TABLE IF EXISTS `y_access`;
CREATE TABLE `y_access` (
  `nodes` varchar(255) DEFAULT NULL
) ENGINE=MyISAM DEFAULT CHARSET=utf8;


DROP TABLE IF EXISTS `y_admin`;
CREATE TABLE `y_admin` (
  `id` int(11) unsigned NOT NULL AUTO_INCREMENT,
  `is_publish` int(1) DEFAULT '0',
  `create_time` int(11) unsigned DEFAULT '0',
  `update_time` int(11) unsigned DEFAULT '0',
  `last_login_time` int(11) unsigned DEFAULT '0',
  `login_count` int(11) unsigned DEFAULT '0',
  `username` varchar(50) DEFAULT '',
  `realname` varchar(50) DEFAULT '',
  `password` varchar(32) DEFAULT '',
  `last_login_ip` varchar(40) DEFAULT NULL,
  `email` varchar(50) DEFAULT '',
  `remark` varchar(255) DEFAULT '',
  PRIMARY KEY (`id`),
  UNIQUE KEY `username` (`username`) USING BTREE
) ENGINE=MyISAM DEFAULT CHARSET=utf8;

INSERT INTO `y_admin` (`id`, `is_publish`, `create_time`, `update_time`, `last_login_time`, `login_count`, `username`, `realname`, `password`, `last_login_ip`, `email`, `remark`) VALUES
(2,	1,	1346841710,	1346841710,	1380210239,	410,	'admin',	'管理员',	'd8fa8c9756c2e8bcb7b704c746ae5f84',	'183.23.161.71',	'',	'备注信息');

DROP TABLE IF EXISTS `y_advert`;
CREATE TABLE `y_advert` (
  `id` int(11) NOT NULL AUTO_INCREMENT,
  `category_id` int(11) unsigned DEFAULT NULL,
  `is_publish` int(1) DEFAULT '0',
  `width` int(11) DEFAULT NULL,
  `height` int(11) DEFAULT NULL,
  `ordernum` int(11) DEFAULT '999',
  `type` int(1) DEFAULT NULL,
  `begin_time` int(11) DEFAULT NULL,
  `end_time` int(11) DEFAULT NULL,
  `update_time` int(11) DEFAULT NULL,
  `create_time` int(11) DEFAULT NULL,
  `hardware` varchar(255) NOT NULL DEFAULT 'pc',
  `lang` varchar(255) DEFAULT NULL,
  `title` varchar(255) NOT NULL DEFAULT '',
  `flash_img2` varchar(255) DEFAULT NULL,
  `flash_img1` varchar(255) DEFAULT NULL,
  `image` varchar(255) DEFAULT NULL,
  `net_image` varchar(255) DEFAULT NULL,
  `flash` varchar(255) DEFAULT NULL,
  `url` varchar(255) DEFAULT NULL,
  `code` text,
  `target` varchar(10) DEFAULT NULL,
  `tag` varchar(255) DEFAULT NULL,
  `content` text,
  `my_id` int(11) NOT NULL,
  `is_top` int(11) NOT NULL DEFAULT '0',
  PRIMARY KEY (`id`)
) ENGINE=MyISAM DEFAULT CHARSET=utf8;

INSERT INTO `y_advert` (`id`, `category_id`, `is_publish`, `width`, `height`, `ordernum`, `type`, `begin_time`, `end_time`, `update_time`, `create_time`, `hardware`, `lang`, `title`, `flash_img2`, `flash_img1`, `image`, `net_image`, `flash`, `url`, `code`, `target`, `tag`, `content`, `my_id`, `is_top`) VALUES
(1,	1168,	1,	NULL,	NULL,	999,	2,	1378108563,	1378108563,	1378108563,	1378108563,	'pc',	'zh-cn',	'1',	NULL,	NULL,	'522444930cab2.jpg',	'',	NULL,	'',	'',	'_top',	NULL,	'',	0,	0),
(2,	1168,	1,	NULL,	NULL,	999,	2,	1378108552,	1378108552,	1378108552,	1378108552,	'pc',	'zh-cn',	'2',	NULL,	NULL,	'52244487aff28.jpg',	'',	NULL,	'',	'',	'_top',	NULL,	'',	0,	0),
(3,	1168,	1,	NULL,	NULL,	999,	2,	1378108543,	1378108543,	1378108543,	1378108543,	'pc',	'zh-cn',	'3',	NULL,	NULL,	'5224447ec7420.jpg',	'',	NULL,	'',	'',	'_top',	NULL,	'',	0,	0),
(4,	1168,	1,	NULL,	NULL,	999,	2,	1379325161,	1379325161,	1379325161,	1379325161,	'pc',	'zh-cn',	'04',	NULL,	NULL,	'5236d4e8d0d30.jpg',	'',	NULL,	'',	'',	'_top',	NULL,	'',	0,	0);

DROP TABLE IF EXISTS `y_category`;
CREATE TABLE `y_category` (
  `id` int(11) NOT NULL AUTO_INCREMENT,
  `pid` int(11) DEFAULT '0',
  `is_publish` int(1) DEFAULT '1',
  `is_default` int(1) NOT NULL DEFAULT '0',
  `is_nav` int(1) NOT NULL DEFAULT '0',
  `is_comment` int(1) DEFAULT '0',
  `is_delete` int(1) DEFAULT '1',
  `is_fixed` int(1) DEFAULT '0',
  `ordernum` int(11) DEFAULT '50',
  `list_count` int(11) DEFAULT '1',
  `hardware` varchar(255) NOT NULL DEFAULT 'pc',
  `lang` varchar(10) NOT NULL,
  `levels` varchar(255) NOT NULL,
  `title` varchar(255) NOT NULL DEFAULT '无标题',
  `image` varchar(255) NOT NULL,
  `alias` varchar(255) NOT NULL,
  `module` varchar(255) NOT NULL,
  `color` varchar(10) NOT NULL,
  `burl` varchar(255) NOT NULL,
  `furl` varchar(255) NOT NULL,
  `tag` varchar(255) NOT NULL,
  `tpl_one` varchar(20) NOT NULL,
  `description` text NOT NULL,
  `my_id` int(11) NOT NULL,
  `is_mobile` int(11) NOT NULL,
  PRIMARY KEY (`id`)
) ENGINE=MyISAM DEFAULT CHARSET=utf8;

INSERT INTO `y_category` (`id`, `pid`, `is_publish`, `is_default`, `is_nav`, `is_comment`, `is_delete`, `is_fixed`, `ordernum`, `list_count`, `hardware`, `lang`, `levels`, `title`, `image`, `alias`, `module`, `color`, `burl`, `furl`, `tag`, `tpl_one`, `description`, `my_id`, `is_mobile`) VALUES
(20,	12,	1,	0,	1,	0,	0,	1,	12,	36,	'',	'',	'12',	'{\"zh-cn\":{\"title\":\"\\u4ea7\\u54c1\\u5c55\\u793a\"}}',	'',	'Goods',	'Goods',	'',	'',	'',	'',	'auto',	'',	20,	1),
(1511,	1505,	1,	0,	0,	0,	1,	0,	30,	1,	'pc',	'zh-cn',	'12|1505',	'蒲记装修',	'',	'',	'',	'',	'',	'',	'',	'one',	'',	0,	0),
(1512,	1505,	1,	0,	0,	0,	1,	0,	30,	1,	'pc',	'zh-cn',	'12|1505',	'蒲记VI',	'',	'',	'',	'',	'',	'',	'',	'one',	'',	0,	0),
(19,	12,	1,	0,	1,	0,	0,	1,	13,	19,	'',	'',	'12',	'{\"zh-cn\":{\"title\":\"\\u65b0\\u95fb\\u52a8\\u6001\"}}',	'',	'News',	'News',	'',	'',	'',	'',	'auto',	'',	19,	1),
(1513,	1505,	1,	0,	0,	0,	1,	0,	30,	1,	'pc',	'zh-cn',	'12|1505',	'蒲记指导店',	'',	'',	'',	'',	'',	'',	'',	'one',	'',	0,	0),
(1516,	20,	1,	0,	0,	0,	1,	0,	49,	1,	'pc',	'zh-cn',	'12|20',	'港式经典',	'',	'',	'',	'',	'',	'',	'',	'list',	'',	0,	0),
(36,	12,	1,	0,	1,	0,	0,	1,	14,	1,	'',	'',	'12',	'{\"zh-cn\":{\"title\":\"\\u5173\\u4e8e\\u6211\\u4eec\"}}',	'',	'About',	'About',	'',	'',	'',	'',	'auto',	'',	36,	0),
(34,	30000,	0,	0,	0,	0,	0,	1,	46,	0,	'pc',	'zh-cn',	'12|30',	'邮箱设置',	'',	'Email',	'',	'',	'',	'',	'',	'',	'',	34000,	0),
(205,	27,	1,	0,	0,	0,	0,	0,	30,	2,	'pc',	'zh-cn',	'12|27',	'人才招聘',	'',	'Job/index',	'',	'',	'',	'',	'',	'list',	'',	205,	0),
(469,	22,	1,	0,	0,	0,	0,	0,	31,	6,	'pc',	'zh-cn',	'12|22',	'添加网点',	'',	'Market/index',	'',	'',	'',	'',	'',	'list',	'',	469,	1),
(21,	12,	1,	0,	1,	0,	0,	1,	9,	-7,	'',	'',	'12',	'{\"zh-cn\":{\"title\":\"\\u5728\\u7ebf\\u7559\\u8a00\"}}',	'',	'Guestbook',	'Guestbook',	'',	'',	'',	'',	'auto',	'',	21,	1),
(1507,	1504,	1,	0,	0,	0,	1,	0,	29,	1,	'pc',	'zh-cn',	'12|1504',	'加盟流程',	'',	'',	'',	'',	'',	'',	'',	'one',	'',	0,	0),
(1508,	1504,	1,	0,	0,	0,	1,	0,	28,	1,	'pc',	'zh-cn',	'12|1504',	'加盟方案',	'',	'',	'',	'',	'',	'',	'',	'one',	'',	0,	0),
(220,	21,	1,	0,	0,	0,	0,	0,	30,	-6,	'pc',	'zh-cn',	'12|21',	'回复留言',	'',	'Guestbook/view',	'',	'',	'',	'',	'',	'list',	'',	220,	1),
(499,	497,	1,	0,	0,	0,	0,	1,	3,	0,	'pc',	'zh-cn',	'12|19|497',	'置顶',	'',	'news_istop',	'',	'',	'',	'',	'',	'list',	'',	499,	0),
(498,	497,	1,	0,	0,	0,	0,	1,	4,	0,	'pc',	'zh-cn',	'12|19|497',	'首页',	'',	'news_ishome',	'',	'',	'',	'',	'',	'list',	'',	498,	0),
(22,	12,	0,	0,	0,	0,	0,	1,	11,	31,	'',	'',	'12',	'{\"zh-cn\":{\"title\":\"\\u670d\\u52a1\\u7f51\\u70b9\"}}',	'',	'Market',	'Market',	'',	'',	'',	'',	'auto',	'',	22,	1),
(1509,	1504,	1,	0,	0,	0,	1,	0,	27,	1,	'pc',	'zh-cn',	'12|1504',	'加盟支持',	'',	'',	'',	'',	'',	'',	'',	'one',	'',	0,	0),
(1510,	1505,	1,	0,	0,	0,	1,	0,	31,	1,	'pc',	'zh-cn',	'12|1505',	'蒲记门店',	'',	'',	'',	'',	'',	'',	'',	'one',	'',	0,	0),
(467,	25,	1,	0,	0,	0,	0,	1,	30,	0,	'pc',	'zh-cn',	'12|25',	'加盟申请',	'',	'Join/apply',	'',	'',	'',	'',	'',	'list',	'',	467,	0),
(12,	0,	1,	0,	0,	0,	0,	1,	50,	127,	'pc',	'zh-cn',	'',	'网站后台',	'',	'Module',	'',	'',	'',	'',	'',	'auto',	'',	12,	1),
(500,	497,	1,	0,	0,	0,	0,	1,	2,	0,	'pc',	'zh-cn',	'12|19|497',	'已发布',	'',	'news_ispublish1',	'',	'',	'',	'',	'',	'list',	'',	500,	0),
(501,	497,	1,	0,	0,	0,	0,	1,	1,	0,	'pc',	'zh-cn',	'12|19|497',	'未发布',	'',	'news_ispublish0',	'',	'',	'',	'',	'',	'list',	'',	501,	0),
(1211,	23,	1,	0,	0,	0,	1,	0,	30,	4,	'mobile',	'zh-cn',	'12|23',	'首页多图片切换',	'',	'adv/m_list',	'',	'',	'',	'',	'',	'list',	'',	0,	0),
(513,	512,	1,	0,	0,	0,	0,	1,	3,	0,	'pc',	'zh-cn',	'12|20|512',	'置顶',	'',	'goods_istop',	'',	'',	'',	'',	'',	'list',	'',	513,	0),
(514,	512,	1,	0,	0,	0,	0,	1,	4,	0,	'pc',	'zh-cn',	'12|20|512',	'首页',	'',	'goods_ishome',	'',	'',	'',	'',	'',	'list',	'',	514,	0),
(515,	512,	1,	0,	0,	0,	0,	1,	2,	0,	'pc',	'zh-cn',	'12|20|512',	'已发布',	'',	'goods_ispublish1',	'',	'',	'',	'',	'',	'list',	'',	515,	0),
(516,	512,	1,	0,	0,	0,	0,	1,	1,	0,	'pc',	'zh-cn',	'12|20|512',	'未发布',	'',	'goods_ispublish0',	'',	'',	'',	'',	'',	'list',	'',	516,	0),
(11,	0,	1,	0,	0,	0,	0,	0,	50,	0,	'pc',	'zh-cn',	'',	'多语言',	'',	'Lang',	'',	'',	'',	'',	'',	'auto',	'',	11,	0),
(26,	12,	0,	0,	0,	0,	0,	1,	0,	1,	'',	'',	'12',	'{\"zh-cn\":{\"title\":\"\\u4e0b\\u8f7d\\u6587\\u4ef6\"}}',	'',	'Download',	'Download',	'',	'',	'',	'',	'auto',	'',	26,	1),
(37,	12,	0,	0,	0,	0,	0,	1,	0,	21,	'',	'',	'12',	'{\"zh-cn\":{\"title\":\"\\u89c6\\u9891\\u7ba1\\u7406\"}}',	'',	'Video',	'Video',	'',	'',	'',	'',	'auto',	'',	37,	1),
(1503,	28,	1,	0,	0,	0,	1,	0,	30,	1,	'mobile',	'zh-cn',	'12|28',	'分公司',	'',	'',	'',	'',	'',	'',	'',	'one',	'',	0,	0),
(775,	35,	1,	0,	0,	0,	0,	1,	4,	0,	'pc',	'zh-cn',	'12|30|35',	'手机主题',	'',	'MobileTheme',	'',	'',	'Mobile/index',	'',	'',	'list',	'',	775,	0),
(749,	35,	1,	0,	0,	0,	0,	1,	1,	8,	'pc',	'zh-cn',	'12|30|35',	'联系方式',	'',	'MobileContact',	'',	'',	'Mobile/index',	'',	'',	'list',	'',	749,	0),
(750,	35,	1,	0,	0,	0,	0,	1,	5,	0,	'pc',	'zh-cn',	'12|30|35',	'基本信息',	'',	'MobileBase',	'',	'',	'Mobile/index',	'',	'',	'list',	'',	750,	0),
(751,	35,	1,	0,	0,	0,	0,	1,	2,	0,	'pc',	'zh-cn',	'12|30|35',	'移动SEO设置',	'',	'MobileSEO',	'',	'',	'Mobile/index',	'',	'',	'list',	'',	751,	0),
(774,	35,	1,	0,	0,	0,	0,	1,	3,	0,	'pc',	'zh-cn',	'12|30|35',	'多域名绑定',	'',	'MobileDomain',	'',	'',	'Mobile/index',	'',	'',	'list',	'',	774,	0),
(781,	4,	0,	1,	0,	0,	0,	1,	29,	0,	'mobile',	'zh-cn',	'4',	'简体',	'',	'zh-cn',	'',	'',	'',	'',	'',	'',	'',	781,	0),
(615,	469,	1,	0,	0,	0,	1,	0,	30,	10,	'pc',	'zh-cn',	'12|22|469',	'广东',	'512ade93dfa5a.jpg',	'Guangdong',	'',	'',	'',	'',	'',	'list',	'',	615,	0),
(618,	469,	1,	0,	0,	0,	1,	0,	30,	0,	'pc',	'zh-cn',	'12|22|469',	'青海',	'',	'Qinghai',	'',	'',	'',	'',	'',	'list',	'',	618,	1),
(619,	469,	1,	0,	0,	0,	1,	0,	30,	0,	'pc',	'zh-cn',	'12|22|469',	'甘肃',	'',	'Gansu',	'',	'',	'',	'',	'',	'list',	'',	619,	1),
(620,	469,	1,	0,	0,	0,	1,	0,	30,	0,	'pc',	'zh-cn',	'12|22|469',	'内蒙古',	'',	'InnerMongolia',	'',	'',	'',	'',	'',	'list',	'',	620,	1),
(621,	469,	1,	0,	0,	0,	1,	0,	30,	0,	'pc',	'zh-cn',	'12|22|469',	'宁夏',	'',	'Ningxia',	'',	'',	'',	'',	'',	'list',	'',	621,	1),
(622,	469,	1,	0,	0,	0,	1,	0,	30,	0,	'pc',	'zh-cn',	'12|22|469',	'陕西',	'',	'Shanxi',	'',	'',	'',	'',	'',	'list',	'',	622,	0),
(623,	469,	1,	0,	0,	0,	1,	0,	30,	0,	'pc',	'zh-cn',	'12|22|469',	'山西',	'',	'Shanxi2',	'',	'',	'',	'',	'',	'list',	'',	623,	0),
(624,	469,	1,	0,	0,	0,	1,	0,	30,	0,	'pc',	'zh-cn',	'12|22|469',	'河北',	'',	'Hebei',	'',	'',	'',	'',	'',	'list',	'',	624,	0),
(625,	469,	1,	0,	0,	0,	1,	0,	30,	4,	'pc',	'zh-cn',	'12|22|469',	'北京',	'',	'Beijing',	'',	'',	'',	'',	'',	'list',	'',	625,	0),
(626,	469,	1,	0,	0,	0,	1,	0,	30,	3,	'pc',	'zh-cn',	'12|22|469',	'天津',	'',	'Tianjin',	'',	'',	'',	'',	'',	'list',	'',	626,	0),
(627,	469,	1,	0,	0,	0,	1,	0,	30,	0,	'pc',	'zh-cn',	'12|22|469',	'辽宁',	'',	'Liaoning',	'',	'',	'',	'',	'',	'list',	'',	627,	0),
(628,	469,	1,	0,	0,	0,	1,	0,	30,	0,	'pc',	'zh-cn',	'12|22|469',	'吉林',	'',	'Jilin',	'',	'',	'',	'',	'',	'list',	'',	628,	0),
(629,	469,	1,	0,	0,	0,	1,	0,	30,	0,	'pc',	'zh-cn',	'12|22|469',	'黑龙江',	'',	'Heilongjiang',	'',	'',	'',	'',	'',	'list',	'',	629,	0),
(630,	469,	1,	0,	0,	0,	1,	0,	30,	0,	'pc',	'zh-cn',	'12|22|469',	'山东',	'',	'Shandong',	'',	'',	'',	'',	'',	'list',	'',	630,	0),
(631,	469,	1,	0,	0,	0,	1,	0,	30,	0,	'pc',	'zh-cn',	'12|22|469',	'河南',	'',	'Henan',	'',	'',	'',	'',	'',	'list',	'',	631,	0),
(632,	469,	1,	0,	0,	0,	1,	0,	30,	0,	'pc',	'zh-cn',	'12|22|469',	'云南',	'',	'Yunnan',	'',	'',	'',	'',	'',	'list',	'',	632,	0),
(633,	469,	1,	0,	0,	0,	1,	0,	30,	0,	'pc',	'zh-cn',	'12|22|469',	'广西',	'',	'Guangxi',	'',	'',	'',	'',	'',	'list',	'',	633,	0),
(634,	469,	1,	0,	0,	0,	1,	0,	30,	0,	'pc',	'zh-cn',	'12|22|469',	'海南',	'',	'Hainan',	'',	'',	'',	'',	'',	'list',	'',	634,	0),
(635,	469,	1,	0,	0,	0,	1,	0,	30,	0,	'pc',	'zh-cn',	'12|22|469',	'湖南',	'',	'Hunan',	'',	'',	'',	'',	'',	'list',	'',	635,	0),
(636,	469,	1,	0,	0,	0,	1,	0,	30,	3,	'pc',	'zh-cn',	'12|22|469',	'重庆',	'',	'Chongqing',	'',	'',	'',	'',	'',	'list',	'',	636,	0),
(637,	469,	1,	0,	0,	0,	1,	0,	30,	0,	'pc',	'zh-cn',	'12|22|469',	'安徽',	'',	'Anhui',	'',	'',	'',	'',	'',	'list',	'',	637,	0),
(638,	469,	1,	0,	0,	0,	1,	0,	30,	0,	'pc',	'zh-cn',	'12|22|469',	'江苏',	'',	'Jiangsu',	'',	'',	'',	'',	'',	'list',	'',	638,	0),
(639,	469,	1,	0,	0,	0,	1,	0,	30,	0,	'pc',	'zh-cn',	'12|22|469',	'上海',	'',	'Shanghai',	'',	'',	'',	'',	'',	'list',	'',	639,	0),
(640,	469,	1,	0,	0,	0,	1,	0,	30,	0,	'pc',	'zh-cn',	'12|22|469',	'台湾',	'',	'Taiwan',	'',	'',	'',	'',	'',	'list',	'',	640,	0),
(641,	469,	1,	0,	0,	0,	1,	0,	30,	0,	'pc',	'zh-cn',	'12|22|469',	'贵州',	'',	'Guizhou',	'',	'',	'',	'',	'',	'list',	'',	641,	0),
(642,	469,	1,	0,	0,	0,	1,	0,	30,	0,	'pc',	'zh-cn',	'12|22|469',	'湖北',	'',	'Hubei',	'',	'',	'',	'',	'',	'list',	'',	642,	0),
(643,	469,	1,	0,	0,	0,	1,	0,	30,	3,	'pc',	'zh-cn',	'12|22|469',	'四川',	'',	'Sichuan',	'',	'',	'',	'',	'',	'list',	'',	643,	0),
(644,	469,	1,	0,	0,	0,	1,	0,	30,	0,	'pc',	'zh-cn',	'12|22|469',	'福建',	'',	'Fujian',	'',	'',	'',	'',	'',	'list',	'',	644,	0),
(645,	469,	1,	0,	0,	0,	1,	0,	30,	0,	'pc',	'zh-cn',	'12|22|469',	'江西',	'',	'Jiangxi',	'',	'',	'',	'',	'',	'list',	'',	645,	0),
(17,	3,	1,	1,	0,	0,	0,	1,	29,	0,	'pc',	'zh-cn',	'3',	'简体',	'',	'zh-cn',	'',	'',	'',	'',	'',	'',	'',	17,	0),
(18,	3,	0,	0,	0,	0,	0,	1,	27,	0,	'pc',	'en-us',	'3',	'英文',	'',	'en-us',	'',	'',	'',	'',	'',	'',	'',	18,	0),
(428,	3,	0,	0,	0,	0,	0,	1,	28,	0,	'pc',	'zh-tw',	'3',	'繁体',	'',	'zh-tw',	'',	'',	'',	'',	'',	'',	'',	428,	0),
(429,	3,	0,	0,	0,	0,	0,	1,	26,	0,	'pc',	'ja-jp',	'3',	'日文',	'',	'ja-jp',	'',	'',	'',	'',	'',	'',	'',	429,	0),
(430,	3,	0,	0,	0,	0,	0,	1,	25,	0,	'pc',	'ko-kr',	'3',	'韩文',	'',	'ko-kr',	'',	'',	'',	'',	'',	'',	'',	430,	0),
(1191,	37,	1,	0,	0,	0,	1,	0,	30,	2,	'pc',	'zh-cn',	'12|37',	'视频列表',	'',	'Video/Index',	'',	'',	'',	'',	'',	'list',	'',	0,	0),
(1168,	23,	1,	0,	0,	0,	1,	0,	30,	0,	'pc',	'zh-cn',	'12|23',	'首页多图片切换',	'',	'index/adList',	'',	'',	'',	'',	'',	'list',	'',	0,	0),
(23,	12,	1,	0,	0,	0,	0,	1,	0,	8,	'',	'',	'12',	'{\"zh-cn\":{\"title\":\"\\u5e7f\\u544a\\u53d1\\u5e03\"},\"zh-tw\":{\"title\":\"\\u5ee3\\u544a\\u767c\\u5e03\"},\"en-us\":{\"title\":\"Advert\"},\"ja-jp\":{\"title\":\"cm\\u767a\\u8868\"},\"ko-kr\":{\"title\":\"cf \\ubaa8\\ub378\"}}',	'',	'Advert',	'Advert',	'',	'',	'',	'',	'auto',	'',	23,	1),
(1207,	19,	1,	0,	0,	0,	1,	0,	30,	3,	'mobile',	'zh-cn',	'12|19',	'最新活动',	'',	'',	'',	'',	'',	'',	'',	'list',	'',	0,	0),
(1169,	24,	1,	0,	0,	0,	1,	0,	30,	0,	'pc',	'zh-cn',	'12|24',	'客服列表',	'',	'Link/info',	'',	'',	'',	'',	'',	'list',	'',	0,	0),
(1170,	36,	1,	0,	0,	0,	1,	0,	30,	0,	'pc',	'zh-cn',	'12|36',	'关于我们',	'',	'About/indexInfo',	'',	'',	'',	'',	'',	'one',	'',	0,	0),
(1171,	36,	0,	0,	0,	0,	1,	0,	30,	0,	'pc',	'zh-cn',	'12|36',	'蒲记前景',	'',	'',	'',	'',	'',	'',	'',	'one',	'',	0,	0),
(1172,	36,	0,	0,	0,	0,	1,	0,	30,	0,	'pc',	'zh-cn',	'12|36',	'蒲记定位',	'',	'',	'',	'',	'',	'',	'',	'one',	'',	0,	0),
(1175,	19,	1,	0,	0,	0,	1,	0,	30,	-4,	'pc',	'zh-cn',	'12|19',	'公司动态',	'',	'',	'',	'',	'',	'',	'',	'list',	'',	0,	0),
(1176,	19,	1,	0,	0,	0,	1,	0,	30,	2,	'pc',	'zh-cn',	'12|19',	'媒体报道',	'',	'News/company',	'',	'',	'',	'',	'',	'list',	'',	0,	0),
(1506,	1504,	1,	0,	0,	0,	1,	0,	30,	1,	'pc',	'zh-cn',	'12|1504',	'加盟条件',	'',	'',	'',	'',	'',	'',	'',	'one',	'',	0,	0),
(24,	12,	1,	0,	0,	0,	0,	1,	0,	0,	'',	'',	'12',	'{\"zh-cn\":{\"title\":\"\\u5ba2\\u670d\"}}',	'',	'Link',	'Link',	'',	'',	'',	'',	'auto',	'',	24,	1),
(1198,	36,	1,	0,	0,	0,	1,	0,	30,	0,	'mobile',	'zh-cn',	'12|36',	'公司简介',	'',	'About/introduction',	'',	'',	'',	'',	'',	'one',	'',	0,	0),
(1238,	36,	1,	0,	0,	0,	1,	0,	30,	1,	'mobile',	'zh-cn',	'12|36',	'经营理念',	'',	'',	'',	'',	'',	'',	'',	'one',	'',	0,	0),
(1208,	19,	1,	0,	0,	0,	1,	0,	30,	3,	'mobile',	'zh-cn',	'12|19',	'公司新闻',	'',	'',	'',	'',	'',	'',	'',	'list',	'',	0,	0),
(1209,	19,	1,	0,	0,	0,	1,	0,	30,	10,	'mobile',	'zh-cn',	'12|19',	'行业资讯',	'',	'',	'',	'',	'',	'',	'',	'list',	'',	0,	0),
(1212,	22,	1,	0,	0,	0,	1,	0,	30,	25,	'mobile',	'zh-cn',	'12|22',	'添加网点',	'',	'Market/index',	'',	'',	'',	'',	'',	'auto',	'',	0,	0),
(1213,	1212,	1,	0,	0,	0,	1,	0,	30,	6,	'mobile',	'zh-cn',	'12|22|1212',	'广州分公司',	'',	'',	'',	'',	'',	'',	'',	'list',	'',	0,	0),
(1214,	1212,	1,	0,	0,	0,	1,	0,	30,	6,	'mobile',	'zh-cn',	'12|22|1212',	'东莞分公司',	'',	'',	'',	'',	'',	'',	'',	'list',	'',	0,	0),
(1215,	1212,	1,	0,	0,	0,	1,	0,	30,	5,	'mobile',	'zh-cn',	'12|22|1212',	'北京分公司',	'',	'',	'',	'',	'',	'',	'',	'list',	'',	0,	0),
(1217,	27,	1,	0,	0,	0,	1,	0,	30,	7,	'mobile',	'zh-cn',	'12|27',	'人才招聘',	'',	'Job/index',	'',	'',	'',	'',	'',	'list',	'',	0,	0),
(1218,	37,	1,	0,	0,	0,	1,	0,	30,	0,	'mobile',	'zh-cn',	'12|37',	'视频列表',	'',	'Video/Index',	'',	'',	'',	'',	'',	'list',	'',	0,	0),
(1223,	21,	1,	0,	0,	0,	1,	0,	30,	-2,	'mobile',	'zh-cn',	'12|21',	'回复留言',	'',	'Guestbook/view',	'',	'',	'',	'',	'',	'list',	'',	0,	0),
(1225,	1223,	1,	0,	0,	0,	1,	0,	30,	-3,	'mobile',	'zh-cn',	'12|21|1223',	'反馈',	'',	'',	'',	'',	'',	'',	'',	'list',	'',	0,	0),
(1226,	1223,	1,	0,	0,	0,	1,	0,	30,	0,	'mobile',	'zh-cn',	'12|21|1223',	'建议',	'',	'',	'',	'',	'',	'',	'',	'list',	'',	0,	0),
(1227,	1223,	1,	0,	0,	0,	1,	0,	30,	0,	'mobile',	'zh-cn',	'12|21|1223',	'咨询',	'',	'',	'',	'',	'',	'',	'',	'list',	'',	0,	0),
(1253,	20,	1,	0,	0,	0,	1,	0,	30,	6,	'mobile',	'zh-cn',	'12|20',	'LED筒灯',	'',	'',	'',	'',	'',	'',	'',	'list',	'LED筒灯',	0,	0),
(1232,	25,	1,	0,	0,	0,	1,	0,	30,	0,	'pc',	'zh-cn',	'12|25',	'加盟信息',	'',	'Join/index',	'',	'',	'',	'',	'',	'auto',	'',	0,	0),
(1233,	1232,	1,	0,	0,	0,	1,	0,	30,	0,	'pc',	'zh-cn',	'12|25|1232',	'加盟支持',	'',	'',	'',	'',	'',	'',	'',	'one',	'',	0,	0),
(1234,	1232,	1,	0,	0,	0,	1,	0,	30,	0,	'pc',	'zh-cn',	'12|25|1232',	'加盟优势',	'',	'',	'',	'',	'',	'',	'',	'one',	'',	0,	0),
(1235,	1232,	1,	0,	0,	0,	1,	0,	30,	0,	'pc',	'zh-cn',	'12|25|1232',	'投资前景',	'',	'',	'',	'',	'',	'',	'',	'one',	'',	0,	0),
(1515,	20,	1,	0,	0,	0,	1,	0,	50,	1,	'pc',	'zh-cn',	'12|20',	'白雪系列',	'',	'',	'',	'',	'',	'',	'',	'list',	'',	0,	0),
(1237,	23,	1,	0,	0,	0,	1,	0,	30,	3,	'mobile',	'zh-cn',	'12|23',	'首页列表图片',	'',	'indexad/list',	'',	'',	'',	'',	'',	'list',	'',	0,	0),
(1239,	1212,	1,	0,	0,	0,	1,	0,	30,	4,	'mobile',	'zh-cn',	'12|22|1212',	'深圳分公司',	'',	'',	'',	'',	'',	'',	'',	'list',	'',	0,	0),
(1261,	36,	1,	0,	0,	0,	1,	0,	30,	0,	'mobile',	'zh-cn',	'12|36',	'荣誉资质',	'',	'',	'',	'',	'',	'',	'',	'one',	'',	0,	0),
(1242,	28,	1,	0,	0,	0,	1,	0,	30,	0,	'pc',	'zh-cn',	'12|28',	'电子地图',	'',	'Contact/map',	'',	'',	'',	'',	'',	'one',	'',	0,	0),
(1251,	20,	1,	0,	0,	0,	1,	0,	30,	8,	'mobile',	'zh-cn',	'12|20',	'LED球泡灯',	'',	'',	'',	'',	'',	'',	'',	'list',	'LED球泡灯',	0,	0),
(1249,	20,	1,	0,	0,	0,	1,	0,	30,	4,	'mobile',	'zh-cn',	'12|20',	'LED日光管',	'',	'',	'',	'',	'',	'',	'',	'list',	'LED日光管',	0,	0),
(1255,	20,	1,	0,	0,	0,	1,	0,	30,	0,	'mobile',	'zh-cn',	'12|20',	'LED天花灯',	'',	'',	'',	'',	'',	'',	'',	'list',	'LED天花灯',	0,	0),
(1257,	20,	1,	0,	0,	0,	1,	0,	30,	0,	'mobile',	'zh-cn',	'12|20',	'LED豆胆灯',	'',	'',	'',	'',	'',	'',	'',	'list',	'LED豆胆灯',	0,	0),
(25,	12,	0,	0,	0,	0,	0,	1,	0,	0,	'',	'',	'12',	'{\"zh-cn\":{\"title\":\"\\u5728\\u7ebf\\u52a0\\u76df\"},\"zh-tw\":{\"title\":\"\\u5728\\u7dda\\u52a0\\u76df\"},\"en-us\":{\"title\":\"Joinin\"},\"ja-jp\":{\"title\":\"\\u30aa\\u30f3\\u30e9\\u30a4\\u30f3\\u306e\\u52a0\\u76df\"},\"ko-kr\":{\"title\":\"\\uc628\\ub77c\\uc778 \\uc5d0 \\uc785\\ub2e8\"}}',	'',	'Joinin',	'Joinin',	'',	'',	'',	'',	'auto',	'',	25,	1),
(1262,	469,	1,	0,	0,	0,	1,	0,	30,	0,	'pc',	'zh-cn',	'12|22|469',	'新疆',	'',	'Xinjiang',	'',	'',	'',	'',	'',	'list',	'',	0,	0),
(1263,	469,	1,	0,	0,	0,	1,	0,	30,	0,	'pc',	'zh-cn',	'12|22|469',	'西藏',	'',	'Tibet',	'',	'',	'',	'',	'',	'list',	'',	0,	0),
(1264,	469,	1,	0,	0,	0,	1,	0,	30,	0,	'pc',	'zh-cn',	'12|22|469',	'浙江',	'',	'Zhejiang',	'',	'',	'',	'',	'',	'list',	'',	0,	0),
(1,	0,	1,	0,	0,	0,	0,	0,	0,	0,	'',	'',	'',	'终端',	'',	'Hardware',	'',	'',	'',	'',	'',	'',	'',	0,	0),
(3,	1,	1,	0,	0,	0,	0,	0,	0,	0,	'',	'',	'',	'电脑版',	'',	'pc',	'',	'',	'',	'',	'',	'',	'',	0,	0),
(4,	1,	1,	0,	0,	0,	0,	0,	0,	0,	'',	'',	'',	'手机版',	'',	'mobile',	'',	'',	'',	'',	'',	'',	'',	0,	0),
(27,	12,	0,	0,	0,	0,	0,	1,	10,	9,	'',	'',	'12',	'{\"zh-cn\":{\"title\":\"\\u4eba\\u624d\\u62db\\u8058\"}}',	'',	'Job',	'Job',	'',	'',	'',	'',	'auto',	'',	27,	1),
(28,	12,	1,	0,	1,	0,	1,	0,	8,	1,	'',	'',	'12',	'{\"zh-cn\":{\"title\":\"\\u8054\\u7cfb\\u6211\\u4eec\"}}',	'',	'Contact',	'About',	'',	'',	'',	'',	'auto',	'',	0,	0),
(29,	12,	0,	0,	0,	0,	1,	0,	7,	1,	'',	'',	'12',	'{\"zh-cn\":{\"title\":\"\\u4f01\\u4e1a\\u5fae\\u535a\"}}',	'',	'Weibo',	'About',	'',	'System/index/cid/tertiarycode',	'',	'',	'auto',	'',	0,	0),
(1504,	12,	1,	0,	1,	0,	1,	0,	11,	1,	'',	'',	'12',	'{\"zh-cn\":{\"title\":\"\\u52a0\\u76df\\u84b2\\u8bb0\"}}',	'',	'Join',	'About',	'',	'',	'',	'',	'auto',	'',	0,	0),
(1505,	12,	1,	0,	1,	0,	1,	0,	10,	1,	'',	'',	'12',	'{\"zh-cn\":{\"title\":\"\\u84b2\\u8bb0\\u5c55\\u793a\"}}',	'',	'Show',	'About',	'',	'',	'',	'',	'auto',	'',	0,	0),
(1391,	4,	0,	0,	0,	0,	1,	0,	28,	1,	'mobile',	'zh-tw',	'4',	'繁体',	'',	'zh-tw',	'',	'',	'',	'',	'',	'',	'',	0,	0),
(1392,	4,	0,	0,	0,	0,	1,	0,	27,	1,	'mobile',	'en-us',	'4',	'英文',	'',	'en-us',	'',	'',	'',	'',	'',	'',	'',	0,	0),
(1393,	4,	0,	0,	0,	0,	1,	0,	26,	1,	'mobile',	'ja-jp',	'4',	'日文',	'',	'ja-jp',	'',	'',	'',	'',	'',	'',	'',	0,	0),
(1394,	4,	0,	0,	0,	0,	1,	0,	25,	1,	'mobile',	'ko-kr',	'4',	'韩文',	'',	'ko-kr',	'',	'',	'',	'',	'',	'',	'',	0,	0),
(1395,	28,	1,	0,	0,	0,	1,	0,	31,	1,	'pc',	'zh-cn',	'12|28',	'联系方式',	'',	'Contact/mode',	'',	'',	'',	'',	'',	'one',	'',	0,	0),
(1397,	36,	1,	0,	0,	0,	1,	0,	30,	1,	'pc',	'en-us',	'12|36',	'Company',	'',	'About/indexInfo',	'',	'',	'',	'',	'',	'one',	'',	0,	0),
(1398,	36,	1,	0,	0,	0,	1,	0,	30,	1,	'pc',	'en-us',	'12|36',	'Honors',	'',	'',	'',	'',	'',	'',	'',	'one',	'',	0,	0),
(1399,	19,	1,	0,	0,	0,	1,	0,	30,	1,	'pc',	'en-us',	'12|19',	'Company News',	'',	'',	'',	'',	'',	'',	'',	'list',	'',	0,	0),
(1400,	19,	1,	0,	0,	0,	1,	0,	30,	1,	'pc',	'en-us',	'12|19',	'Industry News',	'',	'',	'',	'',	'',	'',	'',	'list',	'',	0,	0),
(1401,	20,	1,	0,	0,	0,	1,	0,	30,	1,	'pc',	'en-us',	'12|20',	'Category1',	'',	'',	'',	'',	'',	'',	'',	'list',	'',	0,	0),
(1402,	20,	1,	0,	0,	0,	1,	0,	30,	1,	'pc',	'en-us',	'12|20',	'Category2',	'',	'',	'',	'',	'',	'',	'',	'list',	'',	0,	0),
(1403,	36,	1,	0,	0,	0,	1,	0,	30,	1,	'pc',	'zh-tw',	'12|36',	'公司簡介',	'',	'About/indexInfo',	'',	'',	'',	'',	'',	'one',	'',	0,	0),
(1404,	36,	1,	0,	0,	0,	1,	0,	30,	1,	'pc',	'zh-tw',	'12|36',	'經營理念',	'',	'',	'',	'',	'',	'',	'',	'one',	'',	0,	0),
(1405,	36,	1,	0,	0,	0,	1,	0,	30,	1,	'pc',	'zh-tw',	'12|36',	'榮譽資質',	'',	'',	'',	'',	'',	'',	'',	'one',	'',	0,	0),
(1406,	19,	1,	0,	0,	0,	1,	0,	30,	1,	'pc',	'zh-tw',	'12|19',	'最新活動',	'',	'',	'',	'',	'',	'',	'',	'list',	'',	0,	0),
(1407,	19,	1,	0,	0,	0,	1,	0,	30,	1,	'pc',	'zh-tw',	'12|19',	'公司新聞',	'',	'',	'',	'',	'',	'',	'',	'list',	'',	0,	0),
(1408,	19,	1,	0,	0,	0,	1,	0,	30,	1,	'pc',	'zh-tw',	'12|19',	'公司新聞',	'',	'',	'',	'',	'',	'',	'',	'list',	'',	0,	0),
(1409,	20,	1,	0,	0,	0,	1,	0,	50,	1,	'pc',	'zh-tw',	'12|20',	'LED筒燈',	'',	'',	'',	'',	'',	'',	'',	'',	'',	0,	0),
(1410,	0,	1,	0,	0,	0,	1,	0,	50,	1,	'pc',	'',	'',	'无标题',	'',	'',	'',	'',	'',	'',	'',	'',	'',	0,	0),
(1411,	20,	1,	0,	0,	0,	1,	0,	50,	1,	'pc',	'zh-tw',	'12|20',	'LED球泡燈',	'',	'',	'',	'',	'',	'',	'',	'',	'',	0,	0),
(1412,	20,	1,	0,	0,	0,	1,	0,	50,	1,	'pc',	'zh-tw',	'12|20',	'LED日光管',	'',	'',	'',	'',	'',	'',	'',	'',	'',	0,	0),
(1413,	20,	1,	0,	0,	0,	1,	0,	50,	1,	'pc',	'zh-tw',	'12|20',	'LED天花燈',	'',	'',	'',	'',	'',	'',	'',	'',	'',	0,	0),
(1414,	20,	1,	0,	0,	0,	1,	0,	50,	1,	'pc',	'zh-tw',	'12|20',	'LED豆膽燈',	'',	'',	'',	'',	'',	'',	'',	'',	'',	0,	0),
(1415,	28,	1,	0,	0,	0,	1,	0,	30,	1,	'pc',	'zh-tw',	'12|28',	'電子地圖',	'',	'',	'',	'',	'',	'',	'',	'one',	'',	0,	0),
(1416,	36,	1,	0,	0,	0,	1,	0,	30,	1,	'pc',	'ja-jp',	'12|36',	'会社の概要',	'',	'About/indexInfo',	'',	'',	'',	'',	'',	'one',	'',	0,	0),
(1417,	36,	1,	0,	0,	0,	1,	0,	30,	1,	'pc',	'ja-jp',	'12|36',	'ビジネス哲学',	'',	'',	'',	'',	'',	'',	'',	'one',	'',	0,	0),
(1418,	36,	1,	0,	0,	0,	1,	0,	30,	1,	'pc',	'ja-jp',	'12|36',	'優等',	'',	'',	'',	'',	'',	'',	'',	'one',	'',	0,	0),
(1419,	19,	1,	0,	0,	0,	1,	0,	30,	1,	'pc',	'ja-jp',	'12|19',	'活動',	'',	'',	'',	'',	'',	'',	'',	'list',	'',	0,	0),
(1420,	19,	1,	0,	0,	0,	1,	0,	30,	1,	'pc',	'ja-jp',	'12|19',	'企業ニュース',	'',	'',	'',	'',	'',	'',	'',	'list',	'',	0,	0),
(1421,	19,	1,	0,	0,	0,	1,	0,	30,	1,	'pc',	'ja-jp',	'12|19',	'ニュース',	'',	'',	'',	'',	'',	'',	'',	'list',	'',	0,	0),
(1422,	20,	1,	0,	0,	0,	1,	0,	30,	1,	'pc',	'ja-jp',	'12|20',	'製品カテゴリ',	'',	'',	'',	'',	'',	'',	'',	'list',	'',	0,	0),
(1423,	20,	1,	0,	0,	0,	1,	0,	30,	1,	'pc',	'ja-jp',	'12|20',	'製品カテゴリ',	'',	'',	'',	'',	'',	'',	'',	'list',	'',	0,	0),
(1424,	23,	1,	0,	0,	0,	1,	0,	30,	1,	'pc',	'zh-tw',	'12|23',	'首頁多圖片切換',	'',	'index/adList',	'',	'',	'',	'',	'',	'list',	'',	0,	0),
(1425,	23,	1,	0,	0,	0,	1,	0,	30,	1,	'pc',	'zh-tw',	'12|23',	'內頁圖片廣告',	'',	'Inside/ad',	'',	'',	'',	'',	'',	'list',	'',	0,	0),
(1426,	23,	1,	0,	0,	0,	1,	0,	30,	1,	'pc',	'en-us',	'12|23',	'home banner ',	'',	'index/adList',	'',	'',	'',	'',	'',	'list',	'',	0,	0),
(1427,	23,	1,	0,	0,	0,	1,	0,	30,	1,	'pc',	'en-us',	'12|23',	'page ads',	'',	'Inside/ad',	'',	'',	'',	'',	'',	'list',	'',	0,	0),
(1428,	23,	1,	0,	0,	0,	1,	0,	30,	1,	'pc',	'ja-jp',	'12|23',	'ホーム広告',	'',	'index/adList',	'',	'',	'',	'',	'',	'list',	'',	0,	0),
(1429,	23,	1,	0,	0,	0,	1,	0,	30,	1,	'pc',	'ja-jp',	'12|23',	'広告のページの中の',	'',	'Inside/ad',	'',	'',	'',	'',	'',	'list',	'',	0,	0),
(1430,	23,	1,	0,	0,	0,	1,	0,	30,	1,	'pc',	'ko-kr',	'12|23',	'홈 스위치',	'',	'index/adList',	'',	'',	'',	'',	'',	'list',	'',	0,	0),
(1431,	23,	1,	0,	0,	0,	1,	0,	30,	1,	'pc',	'ko-kr',	'12|23',	'광고 페이지 내에',	'',	'Inside/ad',	'',	'',	'',	'',	'',	'list',	'',	0,	0),
(1432,	36,	1,	0,	0,	0,	1,	0,	30,	1,	'pc',	'ko-kr',	'12|36',	'회사 소개',	'',	'About/indexInfo',	'',	'',	'',	'',	'',	'one',	'',	0,	0),
(1433,	36,	1,	0,	0,	0,	1,	0,	30,	1,	'pc',	'ko-kr',	'12|36',	'경영 철학',	'',	'',	'',	'',	'',	'',	'',	'one',	'',	0,	0),
(1434,	36,	1,	0,	0,	0,	1,	0,	30,	1,	'pc',	'ko-kr',	'12|36',	'영예',	'',	'',	'',	'',	'',	'',	'',	'one',	'',	0,	0),
(1435,	19,	1,	0,	0,	0,	1,	0,	30,	1,	'pc',	'ko-kr',	'12|19',	'회사 소개',	'',	'News/company',	'',	'',	'',	'',	'',	'list',	'',	0,	0),
(1436,	19,	1,	0,	0,	0,	1,	0,	30,	1,	'pc',	'ko-kr',	'12|19',	'경영 철학',	'',	'',	'',	'',	'',	'',	'',	'list',	'',	0,	0),
(1437,	19,	1,	0,	0,	0,	1,	0,	30,	1,	'pc',	'ko-kr',	'12|19',	'영예',	'',	'',	'',	'',	'',	'',	'',	'list',	'',	0,	0),
(1438,	27,	1,	0,	0,	0,	1,	0,	30,	1,	'pc',	'en-us',	'12|27',	'Job',	'',	'Job/index',	'',	'',	'',	'',	'',	'list',	'',	0,	0),
(1439,	27,	1,	0,	0,	0,	1,	0,	30,	1,	'pc',	'ko-kr',	'12|27',	'신병 모집',	'',	'Job/index',	'',	'',	'',	'',	'',	'list',	'',	0,	0),
(1440,	27,	1,	0,	0,	0,	1,	0,	30,	1,	'pc',	'ja-jp',	'12|27',	'募集',	'',	'Job/index',	'',	'',	'',	'',	'',	'list',	'',	0,	0),
(1441,	27,	1,	0,	0,	0,	1,	0,	30,	1,	'pc',	'zh-tw',	'12|27',	'人才招聘',	'',	'Job/index',	'',	'',	'',	'',	'',	'list',	'',	0,	0),
(1442,	23,	1,	0,	0,	0,	1,	0,	30,	1,	'mobile',	'zh-tw',	'12|23',	'首頁多圖片切換',	'',	'adv/m_list',	'',	'',	'',	'',	'',	'list',	'',	0,	0),
(1443,	23,	1,	0,	0,	0,	1,	0,	30,	1,	'mobile',	'zh-tw',	'12|23',	'首頁列表圖片',	'',	'indexad/list',	'',	'',	'',	'',	'',	'list',	'',	0,	0),
(1444,	23,	1,	0,	0,	0,	1,	0,	30,	1,	'mobile',	'en-us',	'12|23',	'home banner',	'',	'adv/m_list',	'',	'',	'',	'',	'',	'list',	'',	0,	0),
(1445,	23,	1,	0,	0,	0,	1,	0,	30,	1,	'mobile',	'en-us',	'12|23',	'Page ads',	'',	'indexad/list',	'',	'',	'',	'',	'',	'list',	'',	0,	0),
(1446,	23,	1,	0,	0,	0,	1,	0,	30,	1,	'mobile',	'ja-jp',	'12|23',	'ホーム広告',	'',	'adv/m_list',	'',	'',	'',	'',	'',	'list',	'',	0,	0),
(1447,	23,	1,	0,	0,	0,	1,	0,	30,	1,	'mobile',	'ja-jp',	'12|23',	'広告のページの中の',	'',	'indexad/list',	'',	'',	'',	'',	'',	'list',	'',	0,	0),
(1448,	23,	1,	0,	0,	0,	1,	0,	30,	1,	'mobile',	'ko-kr',	'12|23',	'광고 페이지 내에',	'',	'indexad/list',	'',	'',	'',	'',	'',	'list',	'',	0,	0),
(1449,	23,	1,	0,	0,	0,	1,	0,	30,	1,	'mobile',	'ko-kr',	'12|23',	'홈 스위치',	'',	'adv/m_list',	'',	'',	'',	'',	'',	'list',	'',	0,	0),
(1450,	36,	1,	0,	0,	0,	1,	0,	30,	1,	'mobile',	'zh-tw',	'12|36',	'公司簡介',	'',	'',	'',	'',	'',	'',	'',	'list',	'',	0,	0),
(1451,	36,	1,	0,	0,	0,	1,	0,	30,	1,	'mobile',	'zh-tw',	'12|36',	'經營理念',	'',	'',	'',	'',	'',	'',	'',	'one',	'',	0,	0),
(1452,	36,	1,	0,	0,	0,	1,	0,	30,	1,	'mobile',	'zh-tw',	'12|36',	'榮譽資質',	'',	'',	'',	'',	'',	'',	'',	'one',	'',	0,	0),
(1453,	36,	1,	0,	0,	0,	1,	0,	30,	1,	'mobile',	'en-us',	'12|36',	'Company',	'',	'About/introduction',	'',	'',	'',	'',	'',	'one',	'',	0,	0),
(1454,	36,	1,	0,	0,	0,	1,	0,	30,	1,	'mobile',	'en-us',	'12|36',	'Honors',	'',	'',	'',	'',	'',	'',	'',	'one',	'',	0,	0),
(1455,	36,	1,	0,	0,	0,	1,	0,	30,	1,	'mobile',	'ja-jp',	'12|36',	'会社の概要',	'',	'About/introduction',	'',	'',	'',	'',	'',	'one',	'',	0,	0),
(1456,	36,	1,	0,	0,	0,	1,	0,	30,	1,	'mobile',	'ja-jp',	'12|36',	'ビジネス哲学',	'',	'',	'',	'',	'',	'',	'',	'one',	'',	0,	0),
(1457,	36,	1,	0,	0,	0,	1,	0,	30,	1,	'mobile',	'ko-kr',	'12|36',	'회사 소개',	'',	'About/introduction',	'',	'',	'',	'',	'',	'one',	'',	0,	0),
(1458,	36,	1,	0,	0,	0,	1,	0,	30,	1,	'mobile',	'ko-kr',	'12|36',	'경영 철학',	'',	'',	'',	'',	'',	'',	'',	'one',	'',	0,	0),
(1459,	36,	1,	0,	0,	0,	1,	0,	30,	1,	'mobile',	'ko-kr',	'12|36',	'영예',	'',	'',	'',	'',	'',	'',	'',	'one',	'',	0,	0),
(1460,	19,	1,	0,	0,	0,	1,	0,	30,	1,	'mobile',	'zh-tw',	'12|19',	'最新活動',	'',	'',	'',	'',	'',	'',	'',	'list',	'',	0,	0),
(1461,	19,	1,	0,	0,	0,	1,	0,	30,	1,	'mobile',	'zh-tw',	'12|19',	'公司新聞',	'',	'',	'',	'',	'',	'',	'',	'list',	'',	0,	0),
(1462,	19,	1,	0,	0,	0,	1,	0,	30,	1,	'mobile',	'zh-tw',	'12|19',	'公司新聞',	'',	'',	'',	'',	'',	'',	'',	'list',	'',	0,	0),
(1463,	19,	1,	0,	0,	0,	1,	0,	30,	1,	'mobile',	'en-us',	'12|19',	'Company News',	'',	'',	'',	'',	'',	'',	'',	'list',	'',	0,	0),
(1464,	19,	1,	0,	0,	0,	1,	0,	30,	1,	'mobile',	'en-us',	'12|19',	' Industry News',	'',	'',	'',	'',	'',	'',	'',	'list',	'',	0,	0),
(1465,	19,	1,	0,	0,	0,	1,	0,	30,	1,	'mobile',	'ja-jp',	'12|19',	'活動',	'',	'',	'',	'',	'',	'',	'',	'list',	'',	0,	0),
(1466,	19,	1,	0,	0,	0,	1,	0,	30,	1,	'mobile',	'ja-jp',	'12|19',	'企業ニュース',	'',	'',	'',	'',	'',	'',	'',	'list',	'',	0,	0),
(1467,	19,	1,	0,	0,	0,	1,	0,	30,	1,	'mobile',	'ja-jp',	'12|19',	'ニュース',	'',	'',	'',	'',	'',	'',	'',	'list',	'',	0,	0),
(1468,	20,	1,	0,	0,	0,	1,	0,	50,	1,	'mobile',	'zh-tw',	'12|20',	'LED筒燈',	'',	'',	'',	'',	'',	'',	'',	'',	'',	0,	0),
(1469,	20,	1,	0,	0,	0,	1,	0,	50,	1,	'mobile',	'zh-tw',	'12|20',	'LED球泡燈',	'',	'',	'',	'',	'',	'',	'',	'',	'',	0,	0),
(1470,	20,	1,	0,	0,	0,	1,	0,	50,	1,	'mobile',	'zh-tw',	'12|20',	'LED日光管',	'',	'',	'',	'',	'',	'',	'',	'',	'',	0,	0),
(1471,	20,	1,	0,	0,	0,	1,	0,	50,	1,	'mobile',	'zh-tw',	'12|20',	'LED天花燈',	'',	'',	'',	'',	'',	'',	'',	'',	'',	0,	0),
(1472,	20,	1,	0,	0,	0,	1,	0,	50,	1,	'mobile',	'zh-tw',	'12|20',	'LED豆膽燈',	'',	'',	'',	'',	'',	'',	'',	'',	'',	0,	0),
(1473,	20,	1,	0,	0,	0,	1,	0,	50,	1,	'mobile',	'en-us',	'12|20',	' Category1',	'',	'',	'',	'',	'',	'',	'',	'',	'',	0,	0),
(1474,	20,	1,	0,	0,	0,	1,	0,	50,	1,	'mobile',	'en-us',	'12|20',	'Category2',	'',	'',	'',	'',	'',	'',	'',	'',	'',	0,	0),
(1475,	20,	1,	0,	0,	0,	1,	0,	50,	1,	'mobile',	'ja-jp',	'12|20',	'製品カテゴリ',	'',	'',	'',	'',	'',	'',	'',	'',	'',	0,	0),
(1476,	20,	1,	0,	0,	0,	1,	0,	50,	1,	'mobile',	'ja-jp',	'12|20',	' 製品カテゴリ',	'',	'',	'',	'',	'',	'',	'',	'',	'',	0,	0),
(1477,	20,	1,	0,	0,	0,	1,	0,	50,	1,	'mobile',	'ko-kr',	'12|20',	'LED 전구',	'',	'',	'',	'',	'',	'',	'',	'',	'',	0,	0),
(1478,	20,	1,	0,	0,	0,	1,	0,	50,	1,	'mobile',	'ko-kr',	'12|20',	'LED 형광등',	'',	'',	'',	'',	'',	'',	'',	'',	'',	0,	0),
(1479,	20,	1,	0,	0,	0,	1,	0,	50,	1,	'mobile',	'ko-kr',	'12|20',	'LED 천장',	'',	'',	'',	'',	'',	'',	'',	'',	'',	0,	0),
(1480,	27,	1,	0,	0,	0,	1,	0,	30,	1,	'mobile',	'zh-tw',	'12|27',	'人才招聘',	'',	'',	'',	'',	'',	'',	'',	'list',	'',	0,	0),
(1481,	27,	1,	0,	0,	0,	1,	0,	30,	1,	'mobile',	'en-us',	'12|27',	'Job',	'',	'',	'',	'',	'',	'',	'',	'list',	'',	0,	0),
(1482,	27,	1,	0,	0,	0,	1,	0,	30,	1,	'mobile',	'ja-jp',	'12|27',	'募集',	'',	'',	'',	'',	'',	'',	'',	'list',	'',	0,	0),
(1483,	27,	1,	0,	0,	0,	1,	0,	30,	1,	'mobile',	'ko-kr',	'12|27',	'신병 모집',	'',	'',	'',	'',	'',	'',	'',	'list',	'',	0,	0),
(1490,	20,	1,	0,	0,	0,	1,	0,	50,	1,	'pc',	'ko-kr',	'12|20',	'LED 전구',	'',	'',	'',	'',	'',	'',	'',	'',	'',	0,	0),
(1491,	22,	1,	0,	0,	0,	1,	0,	30,	1,	'mobile',	'ja-jp',	'12|22',	'ブランチ',	'',	'Market/index',	'',	'',	'',	'',	'',	'one',	'',	0,	0),
(1492,	22,	1,	0,	0,	0,	1,	0,	30,	1,	'mobile',	'ko-kr',	'12|22',	'지사',	'',	'Market/index',	'',	'',	'',	'',	'',	'one',	'',	0,	0),
(1493,	22,	1,	0,	0,	0,	1,	0,	30,	1,	'mobile',	'en-us',	'12|22',	'Branch',	'',	'Market/index',	'',	'',	'',	'',	'',	'one',	'',	0,	0),
(1495,	19,	1,	0,	0,	0,	1,	0,	30,	1,	'mobile',	'ko-kr',	'12|19',	'활동',	'',	'',	'',	'',	'',	'',	'',	'list',	'',	0,	0),
(1498,	19,	1,	0,	0,	0,	1,	0,	30,	1,	'mobile',	'ko-kr',	'12|19',	'기업 뉴스',	'',	'',	'',	'',	'',	'',	'',	'list',	'',	0,	0),
(1497,	19,	1,	0,	0,	0,	1,	0,	30,	1,	'mobile',	'ko-kr',	'12|19',	'뉴스',	'',	'',	'',	'',	'',	'',	'',	'list',	'',	0,	0),
(1517,	20,	1,	0,	0,	0,	1,	0,	48,	1,	'pc',	'zh-cn',	'12|20',	'糕点系列',	'',	'',	'',	'',	'',	'',	'',	'list',	'',	0,	0),
(1518,	20,	1,	0,	0,	0,	1,	0,	47,	1,	'pc',	'zh-cn',	'12|20',	'冷热炖品系列',	'',	'',	'',	'',	'',	'',	'',	'list',	'',	0,	0),
(1519,	20,	1,	0,	0,	0,	1,	0,	46,	1,	'pc',	'zh-cn',	'12|20',	'凉粉系列',	'',	'',	'',	'',	'',	'',	'',	'list',	'',	0,	0),
(1520,	20,	1,	0,	0,	0,	1,	0,	45,	1,	'pc',	'zh-cn',	'12|20',	'汤丸系列(热)',	'',	'',	'',	'',	'',	'',	'',	'list',	'',	0,	0),
(1521,	20,	1,	0,	0,	0,	1,	0,	44,	1,	'pc',	'zh-cn',	'12|20',	'西米系列',	'',	'',	'',	'',	'',	'',	'',	'list',	'',	0,	0),
(1522,	20,	1,	0,	0,	0,	1,	0,	43,	1,	'pc',	'zh-cn',	'12|20',	'小丸子系列',	'',	'',	'',	'',	'',	'',	'',	'list',	'',	0,	0),
(1523,	20,	1,	0,	0,	0,	1,	0,	42,	1,	'pc',	'zh-cn',	'12|20',	'雪山系列',	'',	'',	'',	'',	'',	'',	'',	'list',	'',	0,	0),
(1524,	20,	1,	0,	0,	0,	1,	0,	41,	1,	'pc',	'zh-cn',	'12|20',	'饮品系列',	'',	'',	'',	'',	'',	'',	'',	'list',	'',	0,	0),
(1525,	20,	1,	0,	0,	0,	1,	0,	40,	1,	'pc',	'zh-cn',	'12|20',	'中式精选搭配',	'',	'',	'',	'',	'',	'',	'',	'list',	'',	0,	0),
(1526,	20,	1,	0,	0,	0,	1,	0,	39,	1,	'pc',	'zh-cn',	'12|20',	'中式糖水(冷热)',	'',	'',	'',	'',	'',	'',	'',	'list',	'',	0,	0),
(1527,	20,	1,	0,	0,	0,	1,	0,	51,	1,	'pc',	'zh-cn',	'12|20',	'蒲记新品',	'',	'',	'',	'',	'',	'',	'',	'list',	'',	0,	0),
(1528,	36,	1,	0,	0,	0,	1,	0,	31,	1,	'pc',	'zh-cn',	'12|36',	'蒲记发展',	'',	'',	'',	'',	'',	'',	'',	'one',	'',	0,	0);

DROP TABLE IF EXISTS `y_comment`;
CREATE TABLE `y_comment` (
  `id` int(11) NOT NULL AUTO_INCREMENT,
  `ref_id` int(11) DEFAULT NULL,
  `type` varchar(255) DEFAULT NULL,
  `title` varchar(255) DEFAULT NULL,
  `content` text,
  `create_time` int(11) DEFAULT NULL,
  `reply` text,
  `reply_time` int(11) DEFAULT NULL,
  `my_id` int(11) NOT NULL,
  PRIMARY KEY (`id`)
) ENGINE=MyISAM DEFAULT CHARSET=utf8;


DROP TABLE IF EXISTS `y_common`;
CREATE TABLE `y_common` (
  `id` int(1) NOT NULL DEFAULT '1',
  `weibo_type` varchar(255) DEFAULT NULL,
  `weibo_plug` text,
  `is_share` int(1) DEFAULT NULL,
  `share_plug` text,
  `flow_code` text,
  `mobile_theme` varchar(255) DEFAULT NULL,
  `web_theme` varchar(255) DEFAULT NULL,
  `my_id` int(11) DEFAULT NULL,
  `is_customer` int(1) DEFAULT '0',
  `customer_code` text,
  `is_qq` int(1) DEFAULT '0',
  `qq_nums` varchar(255) DEFAULT NULL
) ENGINE=MyISAM DEFAULT CHARSET=utf8;

INSERT INTO `y_common` (`id`, `weibo_type`, `weibo_plug`, `is_share`, `share_plug`, `flow_code`, `mobile_theme`, `web_theme`, `my_id`, `is_customer`, `customer_code`, `is_qq`, `qq_nums`) VALUES
(1,	'sina',	'<iframe width=\"100%\" height=\"550\" class=\"share_self\"  frameborder=\"0\" scrolling=\"no\" src=\"http://widget.weibo.com/weiboshow/index.php?language=&width=0&height=550&fansRow=1&ptype=1&speed=300&skin=1&isTitle=1&noborder=0&isWeibo=1&isFans=1&uid=2050491212&verifier=f583b339&dpc=1\"></iframe>',	1,	'',	'<img  style=\"CURSOR: pointer\" onclick=\"javascript:window.open(\'http://b.qq.com/webc.htm?new=0&sid=790005994&o=移动&q=7\', \'_blank\', \'height=502, width=644,toolbar=no,scrollbars=no,menubar=no,status=no\');\"  border=\"0\" SRC=http://wpa.qq.com/pa?p=1:790005994:1 alt=\"点击这里给我发消息\">',	'YM04001',	'YP30002',	0,	0,	NULL,	0,	NULL);

DROP TABLE IF EXISTS `y_domain`;
CREATE TABLE `y_domain` (
  `id` int(50) NOT NULL AUTO_INCREMENT,
  `target` varchar(255) DEFAULT '',
  `domain_name` varchar(255) DEFAULT '',
  `remark` varchar(255) DEFAULT '',
  `my_id` int(11) NOT NULL,
  PRIMARY KEY (`id`)
) ENGINE=MyISAM DEFAULT CHARSET=utf8;

INSERT INTO `y_domain` (`id`, `target`, `domain_name`, `remark`, `my_id`) VALUES
(1,	'手机',	'ASD',	'ASDASD',	0);

DROP TABLE IF EXISTS `y_download`;
CREATE TABLE `y_download` (
  `id` int(11) NOT NULL AUTO_INCREMENT,
  `category_id` int(11) unsigned DEFAULT NULL,
  `my_id` int(11) DEFAULT NULL,
  `is_publish` int(1) DEFAULT '0',
  `is_comment` int(1) DEFAULT NULL,
  `is_top` int(1) DEFAULT NULL,
  `is_home` int(1) DEFAULT NULL,
  `size` int(11) DEFAULT NULL,
  `ordernum` int(11) NOT NULL DEFAULT '999',
  `update_time` int(11) DEFAULT NULL,
  `create_time` int(11) DEFAULT NULL,
  `lang` varchar(255) DEFAULT NULL,
  `title` varchar(255) NOT NULL DEFAULT '',
  `image` varchar(255) DEFAULT NULL,
  `imgwidth` varchar(20) DEFAULT NULL,
  `imgheight` varchar(20) DEFAULT NULL,
  `url` varchar(255) DEFAULT NULL,
  `tag` varchar(255) DEFAULT NULL,
  `downfile` varchar(255) NOT NULL DEFAULT '',
  `hardware` varchar(255) NOT NULL DEFAULT 'pc',
  PRIMARY KEY (`id`)
) ENGINE=MyISAM DEFAULT CHARSET=utf8;


DROP TABLE IF EXISTS `y_goods`;
CREATE TABLE `y_goods` (
  `id` int(11) NOT NULL AUTO_INCREMENT,
  `category_id` int(11) unsigned NOT NULL,
  `is_publish` int(1) DEFAULT '0',
  `is_comment` int(1) DEFAULT '0',
  `is_top` int(1) DEFAULT '0',
  `is_home` int(1) DEFAULT '0',
  `ordernum` int(11) NOT NULL DEFAULT '999',
  `update_time` int(11) DEFAULT NULL,
  `create_time` int(11) DEFAULT NULL,
  `hardware` varchar(255) NOT NULL DEFAULT 'pc',
  `lang` varchar(255) DEFAULT NULL,
  `title` varchar(255) DEFAULT '',
  `tag` varchar(255) DEFAULT NULL,
  `image` varchar(255) DEFAULT NULL,
  `summary` varchar(255) DEFAULT NULL,
  `seo_title` varchar(255) DEFAULT NULL,
  `seo_keywords` varchar(255) DEFAULT NULL,
  `seo_description` varchar(255) DEFAULT NULL,
  `content` text,
  `click_count` int(11) NOT NULL DEFAULT '1',
  `my_id` int(11) DEFAULT NULL,
  `imgwidth` int(11) DEFAULT NULL,
  `imgheight` int(11) DEFAULT NULL,
  PRIMARY KEY (`id`)
) ENGINE=MyISAM DEFAULT CHARSET=utf8;

INSERT INTO `y_goods` (`id`, `category_id`, `is_publish`, `is_comment`, `is_top`, `is_home`, `ordernum`, `update_time`, `create_time`, `hardware`, `lang`, `title`, `tag`, `image`, `summary`, `seo_title`, `seo_keywords`, `seo_description`, `content`, `click_count`, `my_id`, `imgwidth`, `imgheight`) VALUES
(1,	1515,	1,	0,	1,	0,	999,	1376064000,	1376064000,	'pc',	'zh-cn',	'白雪黑糯米甜甜',	'',	'5205d35867789.jpg',	'',	'',	'',	'',	'',	9,	NULL,	NULL,	NULL),
(2,	1515,	1,	0,	1,	0,	999,	1376064000,	1376064000,	'pc',	'zh-cn',	'白雪黑珍珠',	'',	'5205d38f68d21.jpg',	'',	'',	'',	'',	'',	4,	NULL,	NULL,	NULL),
(3,	1515,	1,	0,	0,	0,	999,	1376064000,	1376064000,	'pc',	'zh-cn',	'白雪西米黑珍珠',	'',	'5205d4917c4e4.jpg',	'',	'',	'',	'',	'',	2,	NULL,	NULL,	NULL),
(4,	1515,	1,	0,	0,	0,	999,	1376064000,	1376064000,	'pc',	'zh-cn',	'海底椰白雪黑糯米',	'',	'5205d4a8aa939.jpg',	'',	'',	'',	'',	'',	1,	NULL,	NULL,	NULL),
(5,	1515,	1,	0,	0,	0,	999,	1376064000,	1376064000,	'pc',	'zh-cn',	'榴莲忘返',	'',	'5205d4bf5cd4e.jpg',	'',	'',	'',	'',	'',	1,	NULL,	NULL,	NULL),
(6,	1515,	1,	0,	1,	0,	999,	1376064000,	1376064000,	'pc',	'zh-cn',	'榴莲孖宝',	'',	'5205d4d45c447.jpg',	'',	'',	'',	'',	'',	1,	NULL,	NULL,	NULL),
(7,	1515,	1,	0,	0,	0,	999,	1376064000,	1376064000,	'pc',	'zh-cn',	'芒果白雪黑糯米',	'',	'5205d537c2810.jpg',	'',	'',	'',	'',	'',	1,	NULL,	NULL,	NULL),
(8,	1516,	1,	0,	0,	0,	999,	1376064000,	1376064000,	'pc',	'zh-cn',	'芒椰奶西',	'',	'5205d55eb2cd6.jpg',	'',	'',	'',	'',	'',	1,	NULL,	NULL,	NULL),
(9,	1516,	1,	0,	1,	0,	999,	1376064000,	1376064000,	'pc',	'zh-cn',	'杨枝甘露',	'',	'5205d58e35877.jpg',	'',	'',	'',	'',	'',	1,	NULL,	NULL,	NULL),
(10,	1517,	1,	0,	0,	0,	999,	1376064000,	1376064000,	'pc',	'zh-cn',	'榴莲班戟',	'',	'5205d6bfbe35b.jpg',	'',	'',	'',	'',	'',	1,	NULL,	NULL,	NULL),
(11,	1517,	1,	0,	0,	0,	999,	1376064000,	1376064000,	'pc',	'zh-cn',	'榴莲布丁',	'',	'5205d6d69cf0d.jpg',	'',	'',	'',	'',	'',	1,	NULL,	NULL,	NULL),
(12,	1517,	1,	0,	0,	0,	999,	1376064000,	1376064000,	'pc',	'zh-cn',	'芒果班戟',	'',	'5205d6f0a5c63.jpg',	'',	'',	'',	'',	'',	1,	NULL,	NULL,	NULL),
(13,	1517,	1,	0,	1,	0,	999,	1376064000,	1376064000,	'pc',	'zh-cn',	'芒果布丁',	'',	'5205d7142972a.jpg',	'',	'',	'',	'',	'',	1,	NULL,	NULL,	NULL),
(14,	1517,	1,	0,	1,	0,	999,	1376064000,	1376064000,	'pc',	'zh-cn',	'香蕉班戟',	'',	'5205d72c7ffc7.jpg',	'',	'',	'',	'',	'',	1,	NULL,	NULL,	NULL),
(15,	1517,	1,	0,	0,	0,	999,	1376064000,	1376064000,	'pc',	'zh-cn',	'椰汁紫米软糕',	'',	'5205d746bfca9.jpg',	'',	'',	'',	'',	'',	2,	NULL,	NULL,	NULL),
(16,	1518,	1,	0,	0,	0,	999,	1376064000,	1376064000,	'pc',	'zh-cn',	'姜汁配汤丸',	'',	'5205d7b6810bb.jpg',	'',	'',	'',	'',	'',	1,	NULL,	NULL,	NULL),
(17,	1518,	1,	0,	0,	0,	999,	1376064000,	1376064000,	'pc',	'zh-cn',	'南北杏雪耳炖木瓜',	'',	'5205d7d102a89.jpg',	'',	'',	'',	'',	'',	1,	NULL,	NULL,	NULL),
(18,	1518,	1,	0,	1,	0,	999,	1376064000,	1376064000,	'pc',	'zh-cn',	'杏仁蛋白',	'',	'5205d7ee4ea56.jpg',	'',	'',	'',	'',	'',	1,	NULL,	NULL,	NULL),
(19,	1518,	1,	0,	1,	0,	999,	1376064000,	1376064000,	'pc',	'zh-cn',	'椰汁莲子雪耳炖雪蛤',	'',	'5205d827dd9bf.jpg',	'',	'',	'',	'',	'',	1,	NULL,	NULL,	NULL),
(20,	1519,	1,	0,	0,	0,	999,	1376064000,	1376064000,	'pc',	'zh-cn',	'海底椰白雪凉粉',	'',	'5205d9014a2ad.jpg',	'',	'',	'',	'',	'',	1,	NULL,	NULL,	NULL),
(21,	1519,	1,	0,	0,	0,	999,	1376064000,	1376064000,	'pc',	'zh-cn',	'海底椰凉粉',	'',	'5205d9178bfe1.jpg',	'',	'',	'',	'',	'',	1,	NULL,	NULL,	NULL),
(22,	1519,	1,	0,	0,	0,	999,	1376064000,	1376064000,	'pc',	'zh-cn',	'红豆沙凉粉',	'',	'5205d929b4f78.jpg',	'',	'',	'',	'',	'',	1,	NULL,	NULL,	NULL),
(23,	1519,	1,	0,	0,	0,	999,	1376064000,	1376064000,	'pc',	'zh-cn',	'榴莲白雪凉粉',	'',	'5205d94467a8e.jpg',	'',	'',	'',	'',	'',	1,	NULL,	NULL,	NULL),
(24,	1519,	1,	0,	1,	0,	999,	1376064000,	1376064000,	'pc',	'zh-cn',	'芒果凉粉',	'',	'5205d96e1545e.jpg',	'',	'',	'',	'',	'',	1,	NULL,	NULL,	NULL),
(25,	1515,	1,	0,	0,	0,	999,	1376064000,	1376064000,	'pc',	'zh-cn',	'木瓜凉粉',	'',	'5205d9833725f.jpg',	'',	'',	'',	'',	'',	1,	NULL,	NULL,	NULL),
(26,	1519,	1,	0,	0,	0,	999,	1376064000,	1376064000,	'pc',	'zh-cn',	'西瓜凉粉',	'',	'5205da3227b4e.jpg',	'',	'',	'',	'',	'',	1,	NULL,	NULL,	NULL),
(27,	1519,	1,	0,	1,	0,	999,	1376064000,	1376064000,	'pc',	'zh-cn',	'鲜杂果凉粉（芒果、椰汁底）',	'',	'5205daf93b605.jpg',	'',	'',	'',	'',	'',	1,	NULL,	NULL,	NULL),
(28,	1519,	1,	0,	1,	0,	999,	1376064000,	1376064000,	'pc',	'zh-cn',	'杨枝甘露配凉粉',	'',	'5205db0e8fbeb.jpg',	'',	'',	'',	'',	'',	1,	NULL,	NULL,	NULL),
(29,	1519,	1,	0,	1,	0,	999,	1376064000,	1376064000,	'pc',	'zh-cn',	'木瓜凉粉',	'',	'5205db47bc99b.jpg',	'',	'',	'',	'',	'',	1,	NULL,	NULL,	NULL),
(30,	1519,	1,	0,	0,	0,	999,	1376064000,	1376064000,	'pc',	'zh-cn',	'椰汁凉粉',	'',	'5205db6d02680.jpg',	'',	'',	'',	'',	'',	1,	NULL,	NULL,	NULL),
(31,	1520,	1,	0,	0,	0,	999,	1376064000,	1376064000,	'pc',	'zh-cn',	'核桃露配杏仁茶配汤丸',	'',	'5205dbb6905dc.jpg',	'',	'',	'',	'',	'',	1,	NULL,	NULL,	NULL),
(32,	1520,	1,	0,	0,	0,	999,	1376064000,	1376064000,	'pc',	'zh-cn',	'糖不甩',	'',	'5205dbcabd79b.jpg',	'',	'',	'',	'',	'',	1,	NULL,	NULL,	NULL),
(33,	1520,	1,	0,	0,	0,	999,	1376064000,	1376064000,	'pc',	'zh-cn',	'杏仁茶配汤丸',	'',	'5205dbde8c504.jpg',	'',	'',	'',	'',	'',	1,	NULL,	NULL,	NULL),
(34,	1520,	1,	0,	1,	0,	999,	1376064000,	1376064000,	'pc',	'zh-cn',	'芝麻糊配红豆沙配汤丸',	'',	'5205dc21d8ac4.jpg',	'',	'',	'',	'',	'',	1,	NULL,	NULL,	NULL),
(35,	1520,	1,	0,	1,	0,	999,	1376064000,	1376064000,	'pc',	'zh-cn',	'芝麻糊配汤丸',	'',	'5205dc332b512.jpg',	'',	'',	'',	'',	'',	1,	NULL,	NULL,	NULL),
(36,	1520,	1,	0,	0,	0,	999,	1376064000,	1376064000,	'pc',	'zh-cn',	'芝麻糊配杏仁茶配汤丸',	'',	'5205dc492b3a2.jpg',	'',	'',	'',	'',	'',	1,	NULL,	NULL,	NULL),
(37,	1521,	1,	0,	0,	0,	999,	1376064000,	1376064000,	'pc',	'zh-cn',	'核桃露配西米露',	'',	'5205dd7fe2361.jpg',	'',	'',	'',	'',	'',	1,	NULL,	NULL,	NULL),
(38,	1521,	1,	0,	0,	0,	999,	1376064000,	1376064000,	'pc',	'zh-cn',	'芒果西米露',	'',	'5205dd926d375.jpg',	'',	'',	'',	'',	'',	1,	NULL,	NULL,	NULL),
(39,	1521,	1,	0,	0,	0,	999,	1376064000,	1376064000,	'pc',	'zh-cn',	'木瓜西米露',	'',	'5205dda4cbe71.jpg',	'',	'',	'',	'',	'',	1,	NULL,	NULL,	NULL),
(40,	1521,	1,	0,	1,	0,	999,	1376064000,	1376064000,	'pc',	'zh-cn',	'西瓜西米露',	'',	'5205ddb6f2719.jpg',	'',	'',	'',	'',	'',	1,	NULL,	NULL,	NULL),
(41,	1521,	1,	0,	0,	0,	999,	1376064000,	1376064000,	'pc',	'zh-cn',	'鲜杂果西米露（芒果、椰汁底）',	'',	'5205ddc931c8b.jpg',	'',	'',	'',	'',	'',	1,	NULL,	NULL,	NULL),
(42,	1521,	1,	0,	1,	0,	999,	1376064000,	1376064000,	'pc',	'zh-cn',	'椰汁配西米露',	'',	'5205ddda301c9.jpg',	'',	'',	'',	'',	'',	2,	NULL,	NULL,	NULL),
(43,	1521,	1,	0,	0,	0,	999,	1376064000,	1376064000,	'pc',	'zh-cn',	'芝麻糊配西米露',	'',	'5205ddfd5b47c.jpg',	'',	'',	'',	'',	'',	1,	NULL,	NULL,	NULL),
(44,	1522,	1,	0,	0,	0,	999,	1376064000,	1376064000,	'pc',	'zh-cn',	'多芒小丸子',	'',	'5205de584d60e.jpg',	'',	'',	'',	'',	'',	1,	NULL,	NULL,	NULL),
(45,	1522,	1,	0,	1,	0,	999,	1376064000,	1376064000,	'pc',	'zh-cn',	'雪山甘露小丸子',	'',	'5205de741f505.jpg',	'',	'',	'',	'',	'',	1,	NULL,	NULL,	NULL),
(46,	1522,	1,	0,	0,	0,	999,	1376064000,	1376064000,	'pc',	'zh-cn',	'雪山红豆小丸子',	'',	'5205de84d4acd.jpg',	'',	'',	'',	'',	'',	1,	NULL,	NULL,	NULL),
(47,	1523,	1,	0,	0,	0,	999,	1376064000,	1376064000,	'pc',	'zh-cn',	'红豆栗子雪糕',	'',	'5205dec989670.jpg',	'',	'',	'',	'',	'',	1,	NULL,	NULL,	NULL),
(48,	1523,	1,	0,	0,	0,	999,	1376064000,	1376064000,	'pc',	'zh-cn',	'绿茶雪糕',	'',	'5205dee0057c4.jpg',	'',	'',	'',	'',	'',	1,	NULL,	NULL,	NULL),
(49,	1523,	1,	0,	0,	0,	999,	1376064000,	1376064000,	'pc',	'zh-cn',	'香草雪糕',	'',	'5205def2c6ca4.jpg',	'',	'',	'',	'',	'',	1,	NULL,	NULL,	NULL),
(50,	1523,	1,	0,	0,	0,	999,	1376064000,	1376064000,	'pc',	'zh-cn',	'雪山甘露凉粉',	'',	'5205df03eaf08.jpg',	'',	'',	'',	'',	'',	1,	NULL,	NULL,	NULL),
(51,	1523,	1,	0,	0,	0,	999,	1376064000,	1376064000,	'pc',	'zh-cn',	'雪山海底椰凉粉',	'',	'5205df16f0f57.jpg',	'',	'',	'',	'',	'',	1,	NULL,	NULL,	NULL),
(52,	1523,	1,	0,	0,	0,	999,	1376064000,	1376064000,	'pc',	'zh-cn',	'雪山黑珍珠',	'',	'5205df27bfa28.jpg',	'',	'',	'',	'',	'',	1,	NULL,	NULL,	NULL),
(53,	1523,	1,	0,	1,	0,	999,	1376064000,	1376064000,	'pc',	'zh-cn',	'雪山红豆凉粉',	'',	'5205df38c4fd2.jpg',	'',	'',	'',	'',	'',	1,	NULL,	NULL,	NULL),
(54,	1523,	1,	0,	1,	0,	999,	1376064000,	1376064000,	'pc',	'zh-cn',	'雪山凉粉',	'',	'5205df6e6eb48.jpg',	'',	'',	'',	'',	'',	1,	NULL,	NULL,	NULL),
(55,	1523,	1,	0,	0,	0,	999,	1376064000,	1376064000,	'pc',	'zh-cn',	'雪山孖宝',	'',	'5205df88713bf.jpg',	'',	'',	'',	'',	'',	1,	NULL,	NULL,	NULL),
(56,	1524,	1,	0,	0,	0,	999,	1376064000,	1376064000,	'pc',	'zh-cn',	'冻柠',	'',	'5205e02453beb.jpg',	'',	'',	'',	'',	'',	1,	NULL,	NULL,	NULL),
(57,	1524,	1,	0,	0,	0,	999,	1376064000,	1376064000,	'pc',	'zh-cn',	'冻柠乐',	'',	'5205e0383cfcc.jpg',	'',	'',	'',	'',	'',	1,	NULL,	NULL,	NULL),
(58,	1524,	1,	0,	1,	0,	999,	1376064000,	1376064000,	'pc',	'zh-cn',	'芒果汁',	'',	'5205e063a6065.jpg',	'',	'',	'',	'',	'',	2,	NULL,	NULL,	NULL),
(59,	1524,	1,	0,	1,	0,	999,	1376064000,	1376064000,	'pc',	'zh-cn',	'奇异果汁',	'',	'5205e07a4b1df.jpg',	'',	'',	'',	'',	'',	1,	NULL,	NULL,	NULL),
(60,	1524,	1,	0,	0,	0,	999,	1376064000,	1376064000,	'pc',	'zh-cn',	'西瓜汁',	'',	'5205e09712435.jpg',	'',	'',	'',	'',	'',	1,	NULL,	NULL,	NULL),
(61,	1524,	1,	0,	0,	0,	999,	1376064000,	1376064000,	'pc',	'zh-cn',	'椰汁',	'',	'5205e0ac0d113.jpg',	'',	'',	'',	'',	'',	1,	NULL,	NULL,	NULL),
(62,	1525,	1,	0,	0,	0,	999,	1376064000,	1376064000,	'pc',	'zh-cn',	'核桃露配杏仁茶',	'',	'5205e116cd83b.jpg',	'',	'',	'',	'',	'',	1,	NULL,	NULL,	NULL),
(63,	1525,	1,	0,	1,	0,	999,	1376064000,	1376064000,	'pc',	'zh-cn',	'杏仁茶配黑糯米',	'',	'5205e12c247c2.jpg',	'',	'',	'',	'',	'',	1,	NULL,	NULL,	NULL),
(64,	1525,	1,	0,	1,	0,	999,	1376064000,	1376064000,	'pc',	'zh-cn',	'芝麻糊配红豆沙',	'',	'5205e13e76f80.jpg',	'',	'',	'',	'',	'',	2,	NULL,	NULL,	NULL),
(65,	1525,	1,	0,	0,	0,	999,	1376064000,	1376064000,	'pc',	'zh-cn',	'芝麻糊配杏仁茶',	'',	'5205e14f227c4.jpg',	'',	'',	'',	'',	'',	1,	NULL,	NULL,	NULL),
(66,	1526,	1,	0,	0,	0,	999,	1376064000,	1376064000,	'pc',	'zh-cn',	'核桃露',	'',	'5205e18f02beb.jpg',	'',	'',	'',	'',	'',	1,	NULL,	NULL,	NULL),
(67,	1526,	1,	0,	0,	0,	999,	1376064000,	1376064000,	'pc',	'zh-cn',	'红豆沙',	'',	'5205e1a19c054.jpg',	'',	'',	'',	'',	'',	1,	NULL,	NULL,	NULL),
(68,	1526,	1,	0,	1,	0,	999,	1376064000,	1376064000,	'pc',	'zh-cn',	'杏仁茶',	'',	'5205e1b4eff3e.jpg',	'',	'',	'',	'',	'',	6,	NULL,	NULL,	NULL),
(69,	1526,	1,	0,	1,	0,	999,	1376064000,	1376064000,	'pc',	'zh-cn',	'芝麻糊',	'',	'5205e1cb184a9.jpg',	'',	'',	'',	'',	'',	5,	NULL,	NULL,	NULL),
(70,	1526,	1,	0,	0,	0,	999,	1376064000,	1376064000,	'pc',	'zh-cn',	'紫米露',	'',	'5205e1dccea11.jpg',	'',	'',	'',	'',	'',	1,	NULL,	NULL,	NULL),
(71,	1527,	1,	0,	0,	0,	999,	1377619200,	1377619200,	'pc',	'zh-cn',	'蒲记出品',	'',	'521d9bbd16024.jpg',	'',	'',	'',	'',	'&lt;p&gt;蒲记出品&lt;/p&gt;',	3,	NULL,	NULL,	NULL),
(72,	1527,	1,	0,	0,	0,	999,	1377619200,	1377619200,	'pc',	'zh-cn',	'蒲记出品',	'',	'521d9be1ae410.jpg',	'',	'',	'',	'',	'&lt;p&gt;蒲记出品&lt;/p&gt;',	2,	NULL,	NULL,	NULL),
(73,	1527,	1,	0,	0,	0,	999,	1377619200,	1377619200,	'pc',	'zh-cn',	'蒲记出品',	'',	'521d9bf4d2582.jpg',	'',	'',	'',	'',	'',	1,	NULL,	NULL,	NULL),
(74,	1527,	1,	0,	0,	0,	999,	1377619200,	1377619200,	'pc',	'zh-cn',	'蒲记出品',	'',	'521d9c0fc387d.jpg',	'',	'',	'',	'',	'&lt;p&gt;蒲记出品&lt;/p&gt;',	1,	NULL,	NULL,	NULL),
(75,	1527,	1,	0,	0,	0,	999,	1377619200,	1377619200,	'pc',	'zh-cn',	'蒲记出品',	'',	'521d9c2306066.jpg',	'',	'',	'',	'',	'',	1,	NULL,	NULL,	NULL),
(76,	1527,	1,	0,	0,	0,	999,	1377619200,	1377619200,	'pc',	'zh-cn',	'蒲记出品',	'',	'521d9c3546f00.jpg',	'',	'',	'',	'',	'&lt;p&gt;蒲记出品&lt;/p&gt;',	1,	NULL,	NULL,	NULL),
(77,	1527,	1,	0,	0,	0,	999,	1377619200,	1377619200,	'pc',	'zh-cn',	'蒲记出品',	'',	'521d9c55764b9.jpg',	'',	'',	'',	'',	'&lt;p&gt;蒲记出品&lt;/p&gt;',	1,	NULL,	NULL,	NULL),
(78,	1527,	1,	0,	0,	0,	999,	1377619200,	1377619200,	'pc',	'zh-cn',	'蒲记出品',	'',	'521d9c6577fcf.jpg',	'',	'',	'',	'',	'&lt;p&gt;蒲记出品&lt;/p&gt;',	1,	NULL,	NULL,	NULL),
(79,	1527,	1,	0,	0,	0,	999,	1377619200,	1377619200,	'pc',	'zh-cn',	'蒲记出品',	'',	'521d9c740f84e.jpg',	'',	'',	'',	'',	'&lt;p&gt;蒲记出品&lt;/p&gt;',	1,	NULL,	NULL,	NULL),
(80,	1527,	1,	0,	0,	0,	999,	1377619200,	1377619200,	'pc',	'zh-cn',	'蒲记出品',	'',	'521d9c7d710a5.jpg',	'',	'',	'',	'',	'&lt;p&gt;蒲记出品&lt;/p&gt;',	1,	NULL,	NULL,	NULL),
(81,	1527,	1,	0,	0,	0,	999,	1377619200,	1377619200,	'pc',	'zh-cn',	'蒲记出品',	'',	'521d9c85e1f3f.jpg',	'',	'',	'',	'',	'&lt;p&gt;蒲记出品&lt;/p&gt;',	1,	NULL,	NULL,	NULL),
(82,	1527,	1,	0,	0,	0,	999,	1377619200,	1377619200,	'pc',	'zh-cn',	'蒲记出品',	'',	'521d9c8fba3d9.jpg',	'',	'',	'',	'',	'&lt;p&gt;蒲记出品&lt;/p&gt;',	1,	NULL,	NULL,	NULL),
(83,	1527,	1,	0,	0,	0,	999,	1377619200,	1377619200,	'pc',	'zh-cn',	'蒲记出品',	'',	'521d9c9b7343d.jpg',	'',	'',	'',	'',	'&lt;p&gt;蒲记出品&lt;/p&gt;',	1,	NULL,	NULL,	NULL),
(84,	1527,	1,	0,	0,	0,	999,	1377619200,	1377619200,	'pc',	'zh-cn',	'蒲记出品',	'',	'521d9ca98ea3b.jpg',	'',	'',	'',	'',	'&lt;p&gt;蒲记出品&lt;/p&gt;',	1,	NULL,	NULL,	NULL),
(85,	1527,	1,	0,	0,	0,	999,	1377619200,	1377619200,	'pc',	'zh-cn',	'蒲记出品',	'',	'521d9cc8c3db3.jpg',	'',	'',	'',	'',	'&lt;p&gt;蒲记出品&lt;/p&gt;',	1,	NULL,	NULL,	NULL),
(86,	1527,	1,	0,	0,	0,	999,	1377619200,	1377619200,	'pc',	'zh-cn',	'蒲记出品',	'',	'521d9cd8c3db6.jpg',	'',	'',	'',	'',	'&lt;p&gt;蒲记出品&lt;/p&gt;',	1,	NULL,	NULL,	NULL),
(87,	1527,	1,	0,	0,	0,	999,	1377619200,	1377619200,	'pc',	'zh-cn',	'蒲记出品',	'',	'521d9cf8c169b.jpg',	'',	'',	'',	'',	'&lt;p&gt;蒲记出品&lt;/p&gt;',	1,	NULL,	NULL,	NULL),
(88,	1527,	1,	0,	0,	0,	999,	1377619200,	1377619200,	'pc',	'zh-cn',	'蒲记出品',	'',	'521d9d038bc6f.jpg',	'',	'',	'',	'',	'&lt;p&gt;蒲记出品&lt;/p&gt;',	1,	NULL,	NULL,	NULL),
(89,	1527,	1,	0,	0,	0,	999,	1377619200,	1377619200,	'pc',	'zh-cn',	'蒲记出品',	'',	'521d9d127f96d.jpg',	'',	'',	'',	'',	'&lt;p&gt;蒲记出品&lt;/p&gt;',	1,	NULL,	NULL,	NULL),
(90,	1527,	1,	0,	0,	0,	999,	1377619200,	1377619200,	'pc',	'zh-cn',	'蒲记出品',	'',	'521d9d251fd71.jpg',	'',	'',	'',	'',	'&lt;p&gt;蒲记出品&lt;/p&gt;',	1,	NULL,	NULL,	NULL),
(91,	1527,	1,	0,	0,	0,	999,	1377619200,	1377619200,	'pc',	'zh-cn',	'蒲记出品',	'',	'521d9d33a04ba.jpg',	'',	'',	'',	'',	'&lt;p&gt;蒲记出品&lt;/p&gt;',	2,	NULL,	NULL,	NULL),
(92,	1527,	1,	0,	0,	0,	999,	1377619200,	1377619200,	'pc',	'zh-cn',	'蒲记出品',	'',	'521d9d60ec103.jpg',	'',	'',	'',	'',	'&lt;p&gt;蒲记出品&lt;/p&gt;',	1,	NULL,	NULL,	NULL),
(93,	1527,	1,	0,	0,	0,	999,	1377619200,	1377619200,	'pc',	'zh-cn',	'蒲记出品',	'',	'521d9d69af522.jpg',	'',	'',	'',	'',	'&lt;p&gt;蒲记出品&lt;/p&gt;',	1,	NULL,	NULL,	NULL),
(94,	1527,	1,	0,	0,	0,	999,	1377619200,	1377619200,	'pc',	'zh-cn',	'蒲记出品',	'',	'521d9d77671c4.jpg',	'',	'',	'',	'',	'&lt;p&gt;蒲记出品&lt;/p&gt;',	1,	NULL,	NULL,	NULL),
(95,	1527,	1,	0,	0,	0,	999,	1377619200,	1377619200,	'pc',	'zh-cn',	'蒲记出品',	'',	'521d9d9712223.jpg',	'',	'',	'',	'',	'&lt;p&gt;蒲记出品&lt;/p&gt;',	1,	NULL,	NULL,	NULL),
(96,	1527,	1,	0,	0,	0,	999,	1377619200,	1377619200,	'pc',	'zh-cn',	'蒲记出品',	'',	'521d9dad8a266.jpg',	'',	'',	'',	'',	'&lt;p&gt;蒲记出品&lt;/p&gt;',	1,	NULL,	NULL,	NULL),
(97,	1527,	1,	0,	0,	0,	999,	1377619200,	1377619200,	'pc',	'zh-cn',	'蒲记出品',	'',	'521d9dbfba35b.jpg',	'',	'',	'',	'',	'&lt;p&gt;蒲记出品&lt;/p&gt;',	1,	NULL,	NULL,	NULL),
(98,	1527,	1,	0,	0,	0,	999,	1377619200,	1377619200,	'pc',	'zh-cn',	'蒲记出品',	'',	'521d9dd812db0.jpg',	'',	'',	'',	'',	'&lt;p&gt;蒲记出品&lt;/p&gt;',	1,	NULL,	NULL,	NULL),
(99,	1527,	1,	0,	0,	0,	999,	1377619200,	1377619200,	'pc',	'zh-cn',	'蒲记出品',	'',	'521d9de69d4b4.jpg',	'',	'',	'',	'',	'&lt;p&gt;蒲记出品&lt;/p&gt;',	1,	NULL,	NULL,	NULL),
(100,	1527,	1,	0,	0,	0,	999,	1377619200,	1377619200,	'pc',	'zh-cn',	'蒲记出品',	'',	'521d9dfdb4dfd.jpg',	'',	'',	'',	'',	'&lt;p&gt;蒲记出品&lt;/p&gt;',	1,	NULL,	NULL,	NULL),
(101,	1527,	1,	0,	0,	0,	999,	1377619200,	1377619200,	'pc',	'zh-cn',	'蒲记出品',	'',	'521d9e10048f1.jpg',	'',	'',	'',	'',	'&lt;p&gt;蒲记出品&lt;/p&gt;',	1,	NULL,	NULL,	NULL),
(102,	1527,	1,	0,	0,	0,	999,	1377619200,	1377619200,	'pc',	'zh-cn',	'蒲记出品',	'',	'521d9e34dad6a.jpg',	'',	'',	'',	'',	'&lt;p&gt;蒲记出品&lt;/p&gt;',	1,	NULL,	NULL,	NULL),
(103,	1527,	1,	0,	0,	0,	999,	1377619200,	1377619200,	'pc',	'zh-cn',	'蒲记出品',	'',	'521d9e3f58cab.jpg',	'',	'',	'',	'',	'&lt;p&gt;蒲记出品&lt;/p&gt;',	1,	NULL,	NULL,	NULL),
(104,	1527,	1,	0,	0,	0,	999,	1377619200,	1377619200,	'pc',	'zh-cn',	'蒲记出品',	'',	'521d9e56596ea.jpg',	'',	'',	'',	'',	'&lt;p&gt;蒲记出品&lt;/p&gt;',	1,	NULL,	NULL,	NULL),
(105,	1527,	1,	0,	0,	0,	999,	1377619200,	1377619200,	'pc',	'zh-cn',	'蒲记出品',	'',	'521d9e60d33d6.jpg',	'',	'',	'',	'',	'&lt;p&gt;蒲记出品&lt;/p&gt;',	1,	NULL,	NULL,	NULL),
(106,	1527,	1,	0,	0,	0,	999,	1377619200,	1377619200,	'pc',	'zh-cn',	'蒲记出品',	'',	'521d9e6b003ca.jpg',	'',	'',	'',	'',	'&lt;p&gt;蒲记出品&lt;/p&gt;',	1,	NULL,	NULL,	NULL),
(107,	1527,	1,	0,	0,	0,	999,	1377619200,	1377619200,	'pc',	'zh-cn',	'蒲记出品',	'',	'521d9e72c90aa.jpg',	'',	'',	'',	'',	'&lt;p&gt;蒲记出品&lt;/p&gt;',	1,	NULL,	NULL,	NULL),
(108,	1527,	1,	0,	0,	0,	999,	1377619200,	1377619200,	'pc',	'zh-cn',	'蒲记出品',	'',	'521d9e84bc11c.jpg',	'',	'',	'',	'',	'&lt;p&gt;蒲记出品&lt;/p&gt;',	1,	NULL,	NULL,	NULL),
(109,	1527,	1,	0,	0,	0,	999,	1377619200,	1377619200,	'pc',	'zh-cn',	'蒲记出品',	'',	'521d9e907f995.jpg',	'',	'',	'',	'',	'&lt;p&gt;蒲记出品&lt;/p&gt;',	1,	NULL,	NULL,	NULL),
(110,	1527,	1,	0,	0,	0,	999,	1377619200,	1377619200,	'pc',	'zh-cn',	'蒲记出品',	'',	'521d9e9ae6f23.jpg',	'',	'',	'',	'',	'&lt;p&gt;蒲记出品&lt;/p&gt;',	1,	NULL,	NULL,	NULL),
(111,	1527,	1,	0,	0,	0,	999,	1377619200,	1377619200,	'pc',	'zh-cn',	'蒲记出品',	'',	'521d9ea7e508e.jpg',	'',	'',	'',	'',	'&lt;p&gt;蒲记出品&lt;/p&gt;',	1,	NULL,	NULL,	NULL),
(112,	1527,	1,	0,	0,	0,	999,	1377619200,	1377619200,	'pc',	'zh-cn',	'蒲记出品',	'',	'521d9eb26c83f.jpg',	'',	'',	'',	'',	'&lt;p&gt;蒲记出品&lt;/p&gt;',	1,	NULL,	NULL,	NULL),
(113,	1527,	1,	0,	0,	0,	999,	1377619200,	1377619200,	'pc',	'zh-cn',	'蒲记出品',	'',	'521d9eba6b69c.jpg',	'',	'',	'',	'',	'&lt;p&gt;蒲记出品&lt;/p&gt;',	1,	NULL,	NULL,	NULL),
(114,	1527,	1,	0,	0,	0,	999,	1377619200,	1377619200,	'pc',	'zh-cn',	'蒲记出品',	'',	'521d9eca6e1b7.jpg',	'',	'',	'',	'',	'&lt;p&gt;蒲记出品&lt;/p&gt;',	1,	NULL,	NULL,	NULL),
(115,	1527,	1,	0,	0,	0,	999,	1377619200,	1377619200,	'pc',	'zh-cn',	'蒲记出品',	'',	'521d9ed21ca91.jpg',	'',	'',	'',	'',	'&lt;p&gt;蒲记出品&lt;/p&gt;',	1,	NULL,	NULL,	NULL),
(116,	1527,	1,	0,	0,	0,	999,	1377619200,	1377619200,	'pc',	'zh-cn',	'蒲记出品',	'',	'521d9edb606a6.jpg',	'',	'',	'',	'',	'&lt;p&gt;蒲记出品&lt;/p&gt;',	1,	NULL,	NULL,	NULL),
(117,	1527,	1,	0,	0,	0,	999,	1377619200,	1377619200,	'pc',	'zh-cn',	'蒲记出品',	'',	'521d9ee34b8a2.jpg',	'',	'',	'',	'',	'&lt;p&gt;蒲记出品&lt;/p&gt;',	2,	NULL,	NULL,	NULL),
(118,	1527,	1,	0,	0,	0,	999,	1377619200,	1377619200,	'pc',	'zh-cn',	'蒲记出品',	'',	'521d9eeb3ebbb.jpg',	'',	'',	'',	'',	'&lt;p&gt;蒲记出品&lt;/p&gt;',	1,	NULL,	NULL,	NULL),
(119,	1527,	1,	0,	0,	0,	999,	1377619200,	1377619200,	'pc',	'zh-cn',	'蒲记出品',	'',	'521d9f0609ce8.jpg',	'',	'',	'',	'',	'&lt;p&gt;蒲记出品&lt;/p&gt;',	1,	NULL,	NULL,	NULL),
(120,	1527,	1,	0,	0,	0,	999,	1377619200,	1377619200,	'pc',	'zh-cn',	'蒲记出品',	'',	'521d9f14be442.jpg',	'',	'',	'',	'',	'&lt;p&gt;蒲记出品&lt;/p&gt;',	1,	NULL,	NULL,	NULL),
(121,	1527,	1,	0,	0,	0,	999,	1377619200,	1377619200,	'pc',	'zh-cn',	'蒲记出品',	'',	'521d9f2021583.jpg',	'',	'',	'',	'',	'&lt;p&gt;蒲记出品&lt;/p&gt;',	1,	NULL,	NULL,	NULL),
(122,	1527,	1,	0,	0,	0,	999,	1377619200,	1377619200,	'pc',	'zh-cn',	'蒲记出品',	'',	'521d9f2e7366a.jpg',	'',	'',	'',	'',	'&lt;p&gt;蒲记出品&lt;/p&gt;',	4,	NULL,	NULL,	NULL);

DROP TABLE IF EXISTS `y_goods_inquire`;
CREATE TABLE `y_goods_inquire` (
  `id` int(11) NOT NULL AUTO_INCREMENT,
  `goods_id` int(11) DEFAULT NULL,
  `ordernum` int(11) NOT NULL,
  `hardware` varchar(255) NOT NULL,
  `lang` varchar(255) NOT NULL,
  `address` varchar(255) DEFAULT NULL,
  `linkman` varchar(255) DEFAULT NULL,
  `email` varchar(255) DEFAULT NULL,
  `mobile` varchar(255) DEFAULT NULL,
  `tel` varchar(255) DEFAULT NULL,
  `content` text,
  `create_time` int(11) DEFAULT NULL,
  `status` varchar(50) NOT NULL DEFAULT '未处理',
  `my_id` int(11) NOT NULL,
  PRIMARY KEY (`id`)
) ENGINE=MyISAM DEFAULT CHARSET=utf8;


DROP TABLE IF EXISTS `y_goods_photo`;
CREATE TABLE `y_goods_photo` (
  `id` int(11) NOT NULL AUTO_INCREMENT,
  `goods_id` int(11) unsigned DEFAULT NULL,
  `is_publish` int(1) DEFAULT '0',
  `ordernum` int(11) DEFAULT '30',
  `lang` varchar(255) DEFAULT NULL,
  `title` varchar(255) NOT NULL DEFAULT '',
  `image` varchar(255) DEFAULT NULL,
  `description` text,
  `my_id` int(11) NOT NULL,
  PRIMARY KEY (`id`)
) ENGINE=MyISAM DEFAULT CHARSET=utf8;

INSERT INTO `y_goods_photo` (`id`, `goods_id`, `is_publish`, `ordernum`, `lang`, `title`, `image`, `description`, `my_id`) VALUES
(1,	1,	0,	30,	NULL,	'',	'5205d35867789.jpg',	NULL,	0),
(2,	2,	0,	30,	NULL,	'',	'5205d38f68d21.jpg',	NULL,	0),
(3,	3,	0,	30,	NULL,	'',	'5205d4917c4e4.jpg',	NULL,	0),
(4,	4,	0,	30,	NULL,	'',	'5205d4a8aa939.jpg',	NULL,	0),
(5,	5,	0,	30,	NULL,	'',	'5205d4bf5cd4e.jpg',	NULL,	0),
(6,	6,	0,	30,	NULL,	'',	'5205d4d45c447.jpg',	NULL,	0),
(7,	7,	0,	30,	NULL,	'',	'5205d537c2810.jpg',	NULL,	0),
(8,	8,	0,	30,	NULL,	'',	'5205d55eb2cd6.jpg',	NULL,	0),
(9,	9,	0,	30,	NULL,	'',	'5205d58e35877.jpg',	NULL,	0),
(10,	10,	0,	30,	NULL,	'',	'5205d6bfbe35b.jpg',	NULL,	0),
(11,	11,	0,	30,	NULL,	'',	'5205d6d69cf0d.jpg',	NULL,	0),
(12,	12,	0,	30,	NULL,	'',	'5205d6f0a5c63.jpg',	NULL,	0),
(13,	13,	0,	30,	NULL,	'',	'5205d7142972a.jpg',	NULL,	0),
(14,	14,	0,	30,	NULL,	'',	'5205d72c7ffc7.jpg',	NULL,	0),
(15,	15,	0,	30,	NULL,	'',	'5205d746bfca9.jpg',	NULL,	0),
(16,	16,	0,	30,	NULL,	'',	'5205d7b6810bb.jpg',	NULL,	0),
(17,	17,	0,	30,	NULL,	'',	'5205d7d102a89.jpg',	NULL,	0),
(18,	18,	0,	30,	NULL,	'',	'5205d7ee4ea56.jpg',	NULL,	0),
(19,	19,	0,	30,	NULL,	'',	'5205d827dd9bf.jpg',	NULL,	0),
(20,	20,	0,	30,	NULL,	'',	'5205d9014a2ad.jpg',	NULL,	0),
(21,	21,	0,	30,	NULL,	'',	'5205d9178bfe1.jpg',	NULL,	0),
(22,	22,	0,	30,	NULL,	'',	'5205d929b4f78.jpg',	NULL,	0),
(23,	23,	0,	30,	NULL,	'',	'5205d94467a8e.jpg',	NULL,	0),
(24,	24,	0,	30,	NULL,	'',	'5205d96e1545e.jpg',	NULL,	0),
(25,	25,	0,	30,	NULL,	'',	'5205d9833725f.jpg',	NULL,	0),
(26,	26,	0,	30,	NULL,	'',	'5205da3227b4e.jpg',	NULL,	0),
(27,	27,	0,	30,	NULL,	'',	'5205daf93b605.jpg',	NULL,	0),
(28,	28,	0,	30,	NULL,	'',	'5205db0e8fbeb.jpg',	NULL,	0),
(29,	29,	0,	30,	NULL,	'',	'5205db47bc99b.jpg',	NULL,	0),
(30,	30,	0,	30,	NULL,	'',	'5205db6d02680.jpg',	NULL,	0),
(31,	31,	0,	30,	NULL,	'',	'5205dbb6905dc.jpg',	NULL,	0),
(32,	32,	0,	30,	NULL,	'',	'5205dbcabd79b.jpg',	NULL,	0),
(33,	33,	0,	30,	NULL,	'',	'5205dbde8c504.jpg',	NULL,	0),
(34,	34,	0,	30,	NULL,	'',	'5205dc21d8ac4.jpg',	NULL,	0),
(35,	35,	0,	30,	NULL,	'',	'5205dc332b512.jpg',	NULL,	0),
(36,	36,	0,	30,	NULL,	'',	'5205dc492b3a2.jpg',	NULL,	0),
(37,	37,	0,	30,	NULL,	'',	'5205dd7fe2361.jpg',	NULL,	0),
(38,	38,	0,	30,	NULL,	'',	'5205dd926d375.jpg',	NULL,	0),
(39,	39,	0,	30,	NULL,	'',	'5205dda4cbe71.jpg',	NULL,	0),
(40,	40,	0,	30,	NULL,	'',	'5205ddb6f2719.jpg',	NULL,	0),
(41,	41,	0,	30,	NULL,	'',	'5205ddc931c8b.jpg',	NULL,	0),
(42,	42,	0,	30,	NULL,	'',	'5205ddda301c9.jpg',	NULL,	0),
(43,	43,	0,	30,	NULL,	'',	'5205ddfd5b47c.jpg',	NULL,	0),
(44,	44,	0,	30,	NULL,	'',	'5205de584d60e.jpg',	NULL,	0),
(45,	45,	0,	30,	NULL,	'',	'5205de741f505.jpg',	NULL,	0),
(46,	46,	0,	30,	NULL,	'',	'5205de84d4acd.jpg',	NULL,	0),
(47,	47,	0,	30,	NULL,	'',	'5205dec989670.jpg',	NULL,	0),
(48,	48,	0,	30,	NULL,	'',	'5205dee0057c4.jpg',	NULL,	0),
(49,	49,	0,	30,	NULL,	'',	'5205def2c6ca4.jpg',	NULL,	0),
(50,	50,	0,	30,	NULL,	'',	'5205df03eaf08.jpg',	NULL,	0),
(51,	51,	0,	30,	NULL,	'',	'5205df16f0f57.jpg',	NULL,	0),
(52,	52,	0,	30,	NULL,	'',	'5205df27bfa28.jpg',	NULL,	0),
(53,	53,	0,	30,	NULL,	'',	'5205df38c4fd2.jpg',	NULL,	0),
(54,	54,	0,	30,	NULL,	'',	'5205df6e6eb48.jpg',	NULL,	0),
(55,	55,	0,	30,	NULL,	'',	'5205df88713bf.jpg',	NULL,	0),
(56,	56,	0,	30,	NULL,	'',	'5205e02453beb.jpg',	NULL,	0),
(57,	57,	0,	30,	NULL,	'',	'5205e0383cfcc.jpg',	NULL,	0),
(58,	58,	0,	30,	NULL,	'',	'5205e063a6065.jpg',	NULL,	0),
(59,	59,	0,	30,	NULL,	'',	'5205e07a4b1df.jpg',	NULL,	0),
(60,	60,	0,	30,	NULL,	'',	'5205e09712435.jpg',	NULL,	0),
(61,	61,	0,	30,	NULL,	'',	'5205e0ac0d113.jpg',	NULL,	0),
(62,	62,	0,	30,	NULL,	'',	'5205e116cd83b.jpg',	NULL,	0),
(63,	63,	0,	30,	NULL,	'',	'5205e12c247c2.jpg',	NULL,	0),
(64,	64,	0,	30,	NULL,	'',	'5205e13e76f80.jpg',	NULL,	0),
(65,	65,	0,	30,	NULL,	'',	'5205e14f227c4.jpg',	NULL,	0),
(66,	66,	0,	30,	NULL,	'',	'5205e18f02beb.jpg',	NULL,	0),
(67,	67,	0,	30,	NULL,	'',	'5205e1a19c054.jpg',	NULL,	0),
(68,	68,	0,	30,	NULL,	'',	'5205e1b4eff3e.jpg',	NULL,	0),
(69,	69,	0,	30,	NULL,	'',	'5205e1cb184a9.jpg',	NULL,	0),
(70,	70,	0,	30,	NULL,	'',	'5205e1dccea11.jpg',	NULL,	0),
(71,	71,	0,	30,	NULL,	'',	'521d9bbd16024.jpg',	NULL,	0),
(72,	71,	0,	30,	NULL,	'',	'521d9bbd8e99c.jpg',	NULL,	0),
(73,	71,	0,	30,	NULL,	'',	'521d9bbe0cb6c.jpg',	NULL,	0),
(74,	71,	0,	30,	NULL,	'',	'521d9bbe7c488.jpg',	NULL,	0),
(75,	72,	0,	30,	NULL,	'',	'521d9be1ae410.jpg',	NULL,	0),
(76,	73,	0,	30,	NULL,	'',	'521d9bf4d2582.jpg',	NULL,	0),
(77,	74,	0,	30,	NULL,	'',	'521d9c0fc387d.jpg',	NULL,	0),
(78,	75,	0,	30,	NULL,	'',	'521d9c2306066.jpg',	NULL,	0),
(79,	76,	0,	30,	NULL,	'',	'521d9c3546f00.jpg',	NULL,	0),
(80,	77,	0,	30,	NULL,	'',	'521d9c55764b9.jpg',	NULL,	0),
(81,	77,	0,	30,	NULL,	'',	'521d9c55e7520.jpg',	NULL,	0),
(82,	78,	0,	30,	NULL,	'',	'521d9c6577fcf.jpg',	NULL,	0),
(83,	79,	0,	30,	NULL,	'',	'521d9c740f84e.jpg',	NULL,	0),
(84,	80,	0,	30,	NULL,	'',	'521d9c7d710a5.jpg',	NULL,	0),
(85,	81,	0,	30,	NULL,	'',	'521d9c85e1f3f.jpg',	NULL,	0),
(86,	82,	0,	30,	NULL,	'',	'521d9c8fba3d9.jpg',	NULL,	0),
(87,	83,	0,	30,	NULL,	'',	'521d9c9b7343d.jpg',	NULL,	0),
(88,	84,	0,	30,	NULL,	'',	'521d9ca98ea3b.jpg',	NULL,	0),
(89,	85,	0,	30,	NULL,	'',	'521d9cc8c3db3.jpg',	NULL,	0),
(90,	86,	0,	30,	NULL,	'',	'521d9cd8c3db6.jpg',	NULL,	0),
(91,	87,	0,	30,	NULL,	'',	'521d9cf8c169b.jpg',	NULL,	0),
(92,	87,	0,	30,	NULL,	'',	'521d9cf93cd69.jpg',	NULL,	0),
(93,	88,	0,	30,	NULL,	'',	'521d9d038bc6f.jpg',	NULL,	0),
(94,	89,	0,	30,	NULL,	'',	'521d9d127f96d.jpg',	NULL,	0),
(95,	90,	0,	30,	NULL,	'',	'521d9d251fd71.jpg',	NULL,	0),
(96,	91,	0,	30,	NULL,	'',	'521d9d33a04ba.jpg',	NULL,	0),
(97,	92,	0,	30,	NULL,	'',	'521d9d60ec103.jpg',	NULL,	0),
(98,	93,	0,	30,	NULL,	'',	'521d9d69af522.jpg',	NULL,	0),
(99,	94,	0,	30,	NULL,	'',	'521d9d77671c4.jpg',	NULL,	0),
(100,	95,	0,	30,	NULL,	'',	'521d9d9712223.jpg',	NULL,	0),
(101,	96,	0,	30,	NULL,	'',	'521d9dad8a266.jpg',	NULL,	0),
(102,	97,	0,	30,	NULL,	'',	'521d9dbfba35b.jpg',	NULL,	0),
(103,	98,	0,	30,	NULL,	'',	'521d9dd812db0.jpg',	NULL,	0),
(104,	99,	0,	30,	NULL,	'',	'521d9de69d4b4.jpg',	NULL,	0),
(105,	100,	0,	30,	NULL,	'',	'521d9dfdb4dfd.jpg',	NULL,	0),
(106,	101,	0,	30,	NULL,	'',	'521d9e10048f1.jpg',	NULL,	0),
(107,	102,	0,	30,	NULL,	'',	'521d9e34dad6a.jpg',	NULL,	0),
(108,	103,	0,	30,	NULL,	'',	'521d9e3f58cab.jpg',	NULL,	0),
(109,	104,	0,	30,	NULL,	'',	'521d9e56596ea.jpg',	NULL,	0),
(110,	105,	0,	30,	NULL,	'',	'521d9e60d33d6.jpg',	NULL,	0),
(111,	106,	0,	30,	NULL,	'',	'521d9e6b003ca.jpg',	NULL,	0),
(112,	107,	0,	30,	NULL,	'',	'521d9e72c90aa.jpg',	NULL,	0),
(113,	108,	0,	30,	NULL,	'',	'521d9e84bc11c.jpg',	NULL,	0),
(114,	109,	0,	30,	NULL,	'',	'521d9e907f995.jpg',	NULL,	0),
(115,	110,	0,	30,	NULL,	'',	'521d9e9ae6f23.jpg',	NULL,	0),
(116,	111,	0,	30,	NULL,	'',	'521d9ea7e508e.jpg',	NULL,	0),
(117,	112,	0,	30,	NULL,	'',	'521d9eb26c83f.jpg',	NULL,	0),
(118,	113,	0,	30,	NULL,	'',	'521d9eba6b69c.jpg',	NULL,	0),
(119,	114,	0,	30,	NULL,	'',	'521d9eca6e1b7.jpg',	NULL,	0),
(120,	115,	0,	30,	NULL,	'',	'521d9ed21ca91.jpg',	NULL,	0),
(121,	116,	0,	30,	NULL,	'',	'521d9edb606a6.jpg',	NULL,	0),
(122,	117,	0,	30,	NULL,	'',	'521d9ee34b8a2.jpg',	NULL,	0),
(123,	118,	0,	30,	NULL,	'',	'521d9eeb3ebbb.jpg',	NULL,	0),
(124,	119,	0,	30,	NULL,	'',	'521d9f0609ce8.jpg',	NULL,	0),
(125,	119,	0,	30,	NULL,	'',	'521d9f064eada.jpg',	NULL,	0),
(126,	119,	0,	30,	NULL,	'',	'521d9f068de47.jpg',	NULL,	0),
(127,	119,	0,	30,	NULL,	'',	'521d9f06d1448.jpg',	NULL,	0),
(128,	120,	0,	30,	NULL,	'',	'521d9f14be442.jpg',	NULL,	0),
(129,	121,	0,	30,	NULL,	'',	'521d9f2021583.jpg',	NULL,	0),
(130,	122,	0,	30,	NULL,	'',	'521d9f2e7366a.jpg',	NULL,	0);

DROP TABLE IF EXISTS `y_guestbook`;
CREATE TABLE `y_guestbook` (
  `id` int(11) NOT NULL AUTO_INCREMENT,
  `category_id` int(11) unsigned NOT NULL DEFAULT '220',
  `is_top` int(1) DEFAULT '0',
  `is_publish` int(1) DEFAULT '0',
  `ordernum` int(11) NOT NULL DEFAULT '999',
  `create_time` int(11) DEFAULT NULL,
  `reply_time` int(11) DEFAULT NULL,
  `hardware` varchar(255) DEFAULT 'pc',
  `lang` varchar(255) DEFAULT NULL,
  `title` varchar(255) DEFAULT '',
  `content` text,
  `reply` text,
  `email` varchar(255) DEFAULT NULL,
  `linkman` varchar(255) DEFAULT NULL,
  `mobile` varchar(255) DEFAULT NULL,
  `tel` varchar(255) DEFAULT NULL,
  `fax` varchar(255) DEFAULT NULL,
  `read` int(4) DEFAULT '0',
  `my_id` int(11) DEFAULT NULL,
  `sex` varchar(10) DEFAULT NULL,
  `company_name` varchar(255) DEFAULT NULL,
  `address` varchar(255) DEFAULT NULL,
  `code` varchar(255) DEFAULT NULL COMMENT '邮政编码',
  PRIMARY KEY (`id`)
) ENGINE=MyISAM DEFAULT CHARSET=utf8;

INSERT INTO `y_guestbook` (`id`, `category_id`, `is_top`, `is_publish`, `ordernum`, `create_time`, `reply_time`, `hardware`, `lang`, `title`, `content`, `reply`, `email`, `linkman`, `mobile`, `tel`, `fax`, `read`, `my_id`, `sex`, `company_name`, `address`, `code`) VALUES
(1,	220,	0,	1,	999,	1376117703,	1376117721,	'pc',	'zh-cn',	'热烈祝贺',	'热烈祝贺贵网站正式上线',	'谢谢',	'88888@qq.com',	'小袁',	'13665236698',	'13665232215',	'020-88888888',	1,	0,	'先生',	'xxx工作室',	'广东省广州市天河北..',	'52400');

DROP TABLE IF EXISTS `y_job`;
CREATE TABLE `y_job` (
  `id` int(11) NOT NULL AUTO_INCREMENT,
  `is_publish` int(1) DEFAULT NULL,
  `is_top` int(1) DEFAULT NULL,
  `is_home` int(1) DEFAULT NULL,
  `category_id` int(11) unsigned DEFAULT NULL,
  `position_id` int(11) DEFAULT '0',
  `department` varchar(255) DEFAULT NULL,
  `education` varchar(255) DEFAULT NULL,
  `salary` varchar(255) DEFAULT NULL,
  `ordernum` int(11) DEFAULT '999',
  `number` int(11) DEFAULT NULL,
  `begin_time` int(11) DEFAULT NULL,
  `end_time` int(11) DEFAULT NULL,
  `create_time` int(11) DEFAULT NULL,
  `hardware` varchar(255) NOT NULL DEFAULT 'pc',
  `lang` varchar(255) DEFAULT NULL,
  `title` varchar(255) DEFAULT NULL,
  `site` varchar(255) DEFAULT '',
  `ask` text,
  `content` text,
  `my_id` int(11) NOT NULL,
  PRIMARY KEY (`id`)
) ENGINE=MyISAM DEFAULT CHARSET=utf8;

INSERT INTO `y_job` (`id`, `is_publish`, `is_top`, `is_home`, `category_id`, `position_id`, `department`, `education`, `salary`, `ordernum`, `number`, `begin_time`, `end_time`, `create_time`, `hardware`, `lang`, `title`, `site`, `ask`, `content`, `my_id`) VALUES
(1,	1,	NULL,	NULL,	205,	0,	'市场部',	'大专',	'面议',	999,	1,	1351180800,	1351180800,	1351180800,	'pc',	'zh-cn',	'市场公关专员',	'广州',	'',	'&lt;p&gt;&lt;strong&gt;&lt;span style=&quot;font-size:18px;color:#FF0000;&quot;&gt;更新此内容登录后台选择：互易移动&amp;nbsp;&amp;gt;&amp;nbsp;人才招聘&amp;nbsp;&amp;gt;&amp;nbsp;人才招聘&lt;/span&gt;&lt;/strong&gt;&lt;br /&gt;&lt;/p&gt;&lt;p&gt;职位信息：&lt;/p&gt;&lt;p&gt;1、协助进行市场公关活动执行；&lt;/p&gt;&lt;p&gt;2、针对公司的活动及日常宣传需要，撰写新闻稿，并对外发布；&lt;/p&gt;&lt;p&gt;3、建立和维护媒体关系，负责媒体公关活动的策划和实施；&lt;/p&gt;&lt;p&gt;4、能够对合作项目进行有效的内外部跟踪，保证项目进度达成。&amp;nbsp;&lt;/p&gt;&lt;p&gt;任职资格：：&lt;/p&gt;&lt;p&gt;1、大专以上学历，形象气质佳；&lt;/p&gt;&lt;p&gt;2、有一年以上市场策划及市场公关工作经验；&lt;/p&gt;&lt;p&gt;3、具备一定的沟通和协调能力，工作积极主动；&lt;/p&gt;&lt;p&gt;4、具备良好的文案功底，文字表达能力强；&lt;/p&gt;&lt;p&gt;5、熟悉广东省媒体，有媒体相关工作经验者优先。&lt;/p&gt;',	0),
(2,	1,	NULL,	NULL,	1217,	0,	'市场部',	'大专',	'面议',	999,	1,	1351180800,	1351180800,	1351180800,	'mobile',	'zh-cn',	'市场公关专员',	'广州',	'',	'&lt;p&gt;职位信息：&lt;/p&gt;&lt;p&gt;1、协助进行市场公关活动执行；&lt;/p&gt;&lt;p&gt;2、针对公司的活动及日常宣传需要，撰写新闻稿，并对外发布；&lt;/p&gt;&lt;p&gt;3、建立和维护媒体关系，负责媒体公关活动的策划和实施；&lt;/p&gt;&lt;p&gt;4、能够对合作项目进行有效的内外部跟踪，保证项目进度达成。&amp;nbsp;&lt;/p&gt;&lt;p&gt;任职资格：：&lt;/p&gt;&lt;p&gt;1、大专以上学历，形象气质佳；&lt;/p&gt;&lt;p&gt;2、有一年以上市场策划及市场公关工作经验；&lt;/p&gt;&lt;p&gt;3、具备一定的沟通和协调能力，工作积极主动；&lt;/p&gt;&lt;p&gt;4、具备良好的文案功底，文字表达能力强；&lt;/p&gt;&lt;p&gt;5、熟悉广东省媒体，有媒体相关工作经验者优先。&lt;/p&gt;',	0),
(3,	1,	NULL,	NULL,	205,	0,	'法务部',	'本科',	'面议',	999,	1,	1351180800,	1351180800,	1351180800,	'pc',	'zh-cn',	'专利推广经理',	'广州',	'',	'&lt;p&gt;职位信息：&lt;/p&gt;&lt;p&gt;1、参与知识产权专利业务的发展策略规划，提供知识产权专利专业咨询服务和解决方案；&lt;/p&gt;&lt;p&gt;2、开展对销售团队知识产权专利方面的知识培训，提高其理论知识和专业度；&lt;/p&gt;&lt;p&gt;3、与知识产权专利局保持紧密沟通，及时掌握国家有关知识产权专利政策和动向；&lt;/p&gt;&lt;p&gt;4、协助处理分公司在当地的专利诉讼案件。&amp;nbsp;&lt;/p&gt;&lt;p&gt;任职资格：：&lt;/p&gt;&lt;p&gt;1、本科以上学历，3年以上工作经验，有专利处理实战经验为佳；&lt;/p&gt;&lt;p&gt;2、熟悉专利相关法律、法规和业务流程；&lt;/p&gt;&lt;p&gt;3、具知识产权市场敏锐的嗅觉，出色的分析与研究能力；&lt;/p&gt;&lt;p&gt;4、良好的个人品德和职业操守，优秀的执行力和沟通协调技巧；&lt;/p&gt;&lt;p&gt;5、工作富激情，能承受较大的工作压力，适应快节奏的工作环境；&lt;/p&gt;&lt;p&gt;6、具大型知识产权代理公司相关工作经验者优先。&lt;/p&gt;',	0),
(4,	1,	NULL,	NULL,	1217,	0,	'法务部',	'本科',	'面议',	999,	1,	1351180800,	1351180800,	1351180800,	'mobile',	'zh-cn',	'专利推广经理',	'广州',	'',	'&lt;p&gt;职位信息：&lt;/p&gt;&lt;p&gt;1、参与知识产权专利业务的发展策略规划，提供知识产权专利专业咨询服务和解决方案；&lt;/p&gt;&lt;p&gt;2、开展对销售团队知识产权专利方面的知识培训，提高其理论知识和专业度；&lt;/p&gt;&lt;p&gt;3、与知识产权专利局保持紧密沟通，及时掌握国家有关知识产权专利政策和动向；&lt;/p&gt;&lt;p&gt;4、协助处理分公司在当地的专利诉讼案件。&amp;nbsp;&lt;/p&gt;&lt;p&gt;任职资格：：&lt;/p&gt;&lt;p&gt;1、本科以上学历，3年以上工作经验，有专利处理实战经验为佳；&lt;/p&gt;&lt;p&gt;2、熟悉专利相关法律、法规和业务流程；&lt;/p&gt;&lt;p&gt;3、具知识产权市场敏锐的嗅觉，出色的分析与研究能力；&lt;/p&gt;&lt;p&gt;4、良好的个人品德和职业操守，优秀的执行力和沟通协调技巧；&lt;/p&gt;&lt;p&gt;5、工作富激情，能承受较大的工作压力，适应快节奏的工作环境；&lt;/p&gt;&lt;p&gt;6、具大型知识产权代理公司相关工作经验者优先。&lt;/p&gt;',	0);

DROP TABLE IF EXISTS `y_job_resume`;
CREATE TABLE `y_job_resume` (
  `id` int(11) NOT NULL AUTO_INCREMENT,
  `job_id` int(11) unsigned DEFAULT NULL,
  `position_id` int(11) DEFAULT '0',
  `create_time` int(11) DEFAULT NULL,
  `linkname` varchar(255) NOT NULL DEFAULT '',
  `sex` char(1) DEFAULT NULL,
  `age` int(11) DEFAULT NULL,
  `email` varchar(255) DEFAULT NULL,
  `phone` varchar(255) DEFAULT NULL,
  `address` varchar(255) DEFAULT NULL,
  `file` varchar(255) DEFAULT NULL,
  `intro` text,
  `my_id` int(11) NOT NULL,
  PRIMARY KEY (`id`)
) ENGINE=MyISAM DEFAULT CHARSET=utf8;

INSERT INTO `y_job_resume` (`id`, `job_id`, `position_id`, `create_time`, `linkname`, `sex`, `age`, `email`, `phone`, `address`, `file`, `intro`, `my_id`) VALUES
(1,	1,	0,	1350980513,	'yyyy',	'男',	NULL,	'13123@qq.com',	'132432413213',	'13213212',	'',	'3213213213',	0),
(4,	4,	0,	1351511875,	'张三',	'男',	NULL,	'888888@qq.com',	'020-8888888',	'地址',	NULL,	'联系内容',	0),
(5,	NULL,	0,	1351622619,	'',	NULL,	NULL,	NULL,	NULL,	NULL,	NULL,	NULL,	0),
(8,	1,	0,	1352947854,	'测试',	'男',	18,	'45452452@qq.com',	'158202369',	'测试地址',	'50a4588e3d154.docx',	'简历',	0),
(7,	1,	0,	1352366676,	'tttt',	'男',	12,	'1213425@qq.com',	'132435434',	'地址',	'509b7a54d43b9.doc',	'dszfdsfdsfsfd',	0);

DROP TABLE IF EXISTS `y_joinin`;
CREATE TABLE `y_joinin` (
  `id` int(11) NOT NULL AUTO_INCREMENT,
  `company_name` varchar(255) DEFAULT NULL,
  `linkman` varchar(255) DEFAULT NULL,
  `address` varchar(255) DEFAULT NULL,
  `lang` varchar(255) DEFAULT NULL,
  `tel` varchar(255) DEFAULT NULL,
  `fax` varchar(255) DEFAULT NULL,
  `mobile` varchar(255) DEFAULT NULL,
  `email` varchar(255) DEFAULT NULL,
  `website` varchar(255) DEFAULT NULL,
  `registered_capital` varchar(255) DEFAULT NULL,
  `employee_number` varchar(255) DEFAULT NULL,
  `sex` varchar(255) DEFAULT NULL,
  `create_time` int(11) DEFAULT NULL,
  `read` tinyint(4) DEFAULT '0',
  `content` text,
  `my_id` int(11) NOT NULL,
  PRIMARY KEY (`id`)
) ENGINE=MyISAM DEFAULT CHARSET=utf8;


DROP TABLE IF EXISTS `y_link`;
CREATE TABLE `y_link` (
  `id` int(11) NOT NULL AUTO_INCREMENT,
  `category_id` int(11) DEFAULT '1169',
  `my_id` int(11) DEFAULT NULL,
  `is_publish` int(1) DEFAULT '0',
  `is_home` int(1) DEFAULT '0',
  `is_top` int(1) DEFAULT '0',
  `ordernum` int(11) DEFAULT '30',
  `update_time` int(11) DEFAULT '0',
  `create_time` int(11) DEFAULT NULL,
  `lang` varchar(255) DEFAULT NULL,
  `title` varchar(255) DEFAULT '',
  `tag` varchar(255) DEFAULT NULL,
  `image` varchar(255) DEFAULT NULL,
  `url` varchar(255) DEFAULT NULL,
  `hardware` varchar(255) DEFAULT 'pc',
  PRIMARY KEY (`id`)
) ENGINE=MyISAM DEFAULT CHARSET=utf8;

INSERT INTO `y_link` (`id`, `category_id`, `my_id`, `is_publish`, `is_home`, `is_top`, `ordernum`, `update_time`, `create_time`, `lang`, `title`, `tag`, `image`, `url`, `hardware`) VALUES
(1,	1169,	0,	1,	0,	0,	30,	1379008380,	1379008380,	'zh-cn',	'小欣',	NULL,	NULL,	'49906963',	'pc'),
(2,	1169,	0,	1,	0,	0,	30,	1379008362,	1379008362,	'zh-cn',	'小燕',	NULL,	NULL,	'867827398',	'pc'),
(3,	1169,	0,	1,	0,	0,	30,	1379008326,	1379008326,	'zh-cn',	'小邓',	NULL,	NULL,	'49906963',	'pc');

DROP TABLE IF EXISTS `y_market`;
CREATE TABLE `y_market` (
  `id` int(11) NOT NULL AUTO_INCREMENT,
  `category_id` int(11) NOT NULL,
  `is_publish` int(1) NOT NULL DEFAULT '0',
  `is_top` int(11) NOT NULL DEFAULT '0',
  `is_home` int(11) NOT NULL DEFAULT '0',
  `ordernum` int(11) NOT NULL DEFAULT '999',
  `create_time` int(11) DEFAULT NULL,
  `hardware` varchar(255) DEFAULT 'pc',
  `lang` varchar(255) DEFAULT NULL,
  `title` varchar(255) DEFAULT NULL,
  `tag` varchar(255) DEFAULT NULL,
  `email` varchar(255) DEFAULT NULL,
  `linkman` varchar(255) DEFAULT NULL,
  `tel` varchar(255) DEFAULT NULL,
  `fax` varchar(255) DEFAULT NULL,
  `postcode` varchar(255) DEFAULT NULL,
  `address` varchar(255) DEFAULT NULL,
  `mapcode` varchar(255) DEFAULT NULL,
  `content` text,
  `content_type` varchar(255) DEFAULT NULL,
  `image` varchar(255) DEFAULT NULL,
  `imgwidth` varchar(20) DEFAULT NULL,
  `imgheight` varchar(20) DEFAULT NULL,
  `traffic1` varchar(255) DEFAULT NULL,
  `traffic2` varchar(255) DEFAULT NULL,
  `office_location` varchar(255) DEFAULT NULL,
  `point_x` varchar(255) DEFAULT NULL,
  `point_y` varchar(255) DEFAULT NULL,
  `address_title` varchar(255) DEFAULT NULL,
  `address_content` varchar(255) DEFAULT NULL,
  `email_title` varchar(255) DEFAULT NULL,
  `email_content` varchar(255) DEFAULT NULL,
  `tel_title` varchar(255) DEFAULT NULL,
  `tel_content` varchar(255) DEFAULT NULL,
  `weibo_title` varchar(255) DEFAULT NULL,
  `weibo_content` varchar(255) DEFAULT NULL,
  `fax_title` varchar(255) DEFAULT NULL,
  `fax_content` varchar(255) DEFAULT NULL,
  `sms_title` varchar(255) DEFAULT NULL,
  `sms_content` varchar(255) DEFAULT NULL,
  `contact_title` varchar(255) DEFAULT NULL,
  `code_content` varchar(255) DEFAULT NULL,
  `other_title` varchar(255) DEFAULT NULL,
  `code_title` varchar(255) DEFAULT NULL,
  `web_content` varchar(255) DEFAULT NULL,
  `contact_content` varchar(255) DEFAULT NULL,
  `web_title` varchar(255) DEFAULT NULL,
  `other_content` varchar(255) DEFAULT NULL,
  `my_id` int(11) DEFAULT NULL,
  PRIMARY KEY (`id`)
) ENGINE=MyISAM DEFAULT CHARSET=utf8;

INSERT INTO `y_market` (`id`, `category_id`, `is_publish`, `is_top`, `is_home`, `ordernum`, `create_time`, `hardware`, `lang`, `title`, `tag`, `email`, `linkman`, `tel`, `fax`, `postcode`, `address`, `mapcode`, `content`, `content_type`, `image`, `imgwidth`, `imgheight`, `traffic1`, `traffic2`, `office_location`, `point_x`, `point_y`, `address_title`, `address_content`, `email_title`, `email_content`, `tel_title`, `tel_content`, `weibo_title`, `weibo_content`, `fax_title`, `fax_content`, `sms_title`, `sms_content`, `contact_title`, `code_content`, `other_title`, `code_title`, `web_content`, `contact_content`, `web_title`, `other_content`, `my_id`) VALUES
(2,	615,	1,	0,	0,	999,	1351233718,	'pc',	'zh-cn',	'广州办事处',	NULL,	'chen@domain.com',	'陈先生',	'020-88888888',	'020-88888887',	'510610',	'广东省广州市天河区天河北路366号',	'',	'负责分公司业务销售。',	NULL,	'',	'300',	'300',	'',	'',	NULL,	NULL,	NULL,	NULL,	NULL,	NULL,	NULL,	NULL,	NULL,	NULL,	NULL,	NULL,	NULL,	NULL,	NULL,	NULL,	NULL,	NULL,	NULL,	NULL,	NULL,	NULL,	NULL,	0),
(3,	615,	1,	0,	0,	999,	1351233706,	'pc',	'zh-cn',	'深圳办事处',	NULL,	'lili@domain.com',	'李先生',	'18688888888',	'075525981888',	'510610',	'罗湖区深南东路4003号世界金融中心1楼',	'',	'负责分公司业务销售。',	NULL,	'',	'300',	'300',	'',	'',	NULL,	NULL,	NULL,	NULL,	NULL,	NULL,	NULL,	NULL,	NULL,	NULL,	NULL,	NULL,	NULL,	NULL,	NULL,	NULL,	NULL,	NULL,	NULL,	NULL,	NULL,	NULL,	NULL,	0),
(4,	615,	1,	0,	0,	999,	1351233842,	'pc',	'zh-cn',	'东莞办事处',	NULL,	'chen126@domain.com',	'陈先生',	'07692039888',	'07692039887',	'',	'广东省东莞市东城中路达鑫创富中心',	'',	'',	NULL,	'',	'300',	'300',	'',	'',	NULL,	NULL,	NULL,	NULL,	NULL,	NULL,	NULL,	NULL,	NULL,	NULL,	NULL,	NULL,	NULL,	NULL,	NULL,	NULL,	NULL,	NULL,	NULL,	NULL,	NULL,	NULL,	NULL,	0),
(5,	625,	1,	0,	0,	999,	1351234364,	'pc',	'zh-cn',	'北京办事处',	NULL,	'lilis@domain.com',	'李先生',	'01084047312',	'01084047388',	'',	'北京市东城区隆福寺街95号',	'',	'',	NULL,	'',	'300',	'300',	'',	'',	NULL,	NULL,	NULL,	NULL,	NULL,	NULL,	NULL,	NULL,	NULL,	NULL,	NULL,	NULL,	NULL,	NULL,	NULL,	NULL,	NULL,	NULL,	NULL,	NULL,	NULL,	NULL,	NULL,	0),
(26,	1215,	1,	0,	0,	999,	1362044617,	'mobile',	'zh-tw',	NULL,	NULL,	NULL,	NULL,	NULL,	NULL,	NULL,	NULL,	NULL,	NULL,	NULL,	NULL,	NULL,	NULL,	NULL,	NULL,	'',	'',	'',	'cxvcxv',	'',	'',	'',	'',	'',	'',	'',	'',	'',	'',	'',	'',	'',	'',	'',	'',	'',	'',	'',	NULL),
(25,	1215,	1,	0,	0,	999,	1362044606,	'mobile',	'zh-cn',	NULL,	NULL,	NULL,	NULL,	NULL,	NULL,	NULL,	NULL,	NULL,	NULL,	NULL,	NULL,	NULL,	NULL,	NULL,	NULL,	'',	'',	'',	'gffgdg',	'',	'',	'',	'',	'',	'',	'',	'',	'',	'',	'',	'',	'',	'',	'',	'',	'',	'',	'',	NULL),
(24,	1214,	1,	0,	0,	999,	1362044068,	'mobile',	'zh-tw',	NULL,	NULL,	NULL,	NULL,	NULL,	NULL,	NULL,	NULL,	NULL,	NULL,	NULL,	NULL,	NULL,	NULL,	NULL,	NULL,	'',	'',	'',	'繁.....',	'',	'',	'',	'',	'',	'',	'',	'',	'',	'',	'',	'',	'',	'',	'',	'',	'',	'',	'',	NULL),
(23,	1213,	1,	0,	0,	999,	1362043678,	'mobile',	'zh-tw',	NULL,	NULL,	NULL,	NULL,	NULL,	NULL,	NULL,	NULL,	NULL,	NULL,	NULL,	NULL,	NULL,	NULL,	NULL,	NULL,	'ffff广东省广州市天河客运站',	'113.349508',	'23.17719',	'hgghgjhg地址标题',	'地址内容',	'邮箱标题',	'邮箱内容',	'电话标题',	'电话内容',	'微博标题',	'微博内容',	'传真标题',	'传真内容',	'短信标题',	'短信内容',	'联系人标题',	'编码内容',	'其他标题',	'邮政编码',	'网站详情',	'联系人详情',	'网站主页',	'ggg其他信息',	NULL),
(22,	1214,	1,	0,	0,	999,	1367328158,	'mobile',	'zh-cn',	NULL,	NULL,	NULL,	NULL,	NULL,	NULL,	NULL,	NULL,	NULL,	NULL,	NULL,	NULL,	NULL,	NULL,	NULL,	NULL,	'',	'',	'',	'东莞',	'东莞公司地址',	'',	'',	'',	'',	'',	'',	'',	'',	'',	'',	'',	'',	'',	'',	'',	'',	'',	'',	NULL),
(21,	1213,	1,	0,	0,	999,	1362042894,	'mobile',	'zh-cn',	NULL,	NULL,	NULL,	NULL,	NULL,	NULL,	NULL,	NULL,	NULL,	NULL,	NULL,	NULL,	NULL,	NULL,	NULL,	NULL,	'广东省广州市天河客运站',	'113.349508',	'23.17719',	'地址标题',	'地址内容',	'邮箱标题',	'邮箱内容',	'电话标题',	'电话内容',	'微博标题',	'微博内容',	'传真标题',	'传真内容',	'短信标题',	'短信内容',	'联系人标题',	'编码内容',	'其他标题',	'邮政编码',	'网站详情',	'联系人详情',	'网站主页',	'其他信息',	NULL);

DROP TABLE IF EXISTS `y_member`;
CREATE TABLE `y_member` (
  `id` int(11) NOT NULL AUTO_INCREMENT,
  `category_id` int(11) DEFAULT NULL,
  `is_publish` int(1) DEFAULT NULL,
  `update_time` int(11) DEFAULT NULL,
  `create_time` int(11) DEFAULT NULL,
  `last_login_time` int(11) DEFAULT NULL,
  `ordernum` int(11) DEFAULT NULL,
  `username` varchar(255) NOT NULL DEFAULT '',
  `password` varchar(32) NOT NULL DEFAULT '',
  `realname` varchar(20) DEFAULT NULL,
  `sex` varchar(10) DEFAULT NULL,
  `face` varchar(255) DEFAULT NULL,
  `last_login_ip` varchar(50) DEFAULT NULL,
  PRIMARY KEY (`id`),
  UNIQUE KEY `username` (`username`)
) ENGINE=MyISAM DEFAULT CHARSET=utf8;


DROP TABLE IF EXISTS `y_mobile_contact`;
CREATE TABLE `y_mobile_contact` (
  `id` int(11) NOT NULL AUTO_INCREMENT,
  `category_id` int(11) NOT NULL,
  `is_home` int(1) DEFAULT NULL,
  `is_contact` int(1) DEFAULT NULL,
  `is_publish` int(1) DEFAULT NULL,
  `hardware` varchar(255) NOT NULL DEFAULT 'pc',
  `lang` varchar(255) DEFAULT NULL,
  `address_title` varchar(255) DEFAULT NULL,
  `address_content` varchar(255) DEFAULT NULL,
  `office_location` varchar(255) DEFAULT NULL,
  `point_x` varchar(255) DEFAULT NULL,
  `point_y` varchar(255) DEFAULT NULL,
  `email_title` varchar(255) DEFAULT NULL,
  `email_content` varchar(255) DEFAULT NULL,
  `tel_title` varchar(255) DEFAULT NULL,
  `tel_content` varchar(255) DEFAULT NULL,
  `weibo_title` varchar(255) DEFAULT NULL,
  `weibo_content` varchar(255) DEFAULT NULL,
  `fax_title` varchar(255) DEFAULT NULL,
  `fax_content` varchar(255) DEFAULT NULL,
  `sms_title` varchar(255) DEFAULT NULL,
  `sms_content` varchar(255) DEFAULT NULL,
  `contact_title` varchar(255) DEFAULT NULL,
  `contact_content` varchar(255) DEFAULT NULL,
  `web_content` varchar(255) DEFAULT NULL,
  `web_title` varchar(255) DEFAULT NULL,
  `other_content` varchar(255) DEFAULT NULL,
  `other_title` varchar(255) DEFAULT NULL,
  `code_content` varchar(255) DEFAULT NULL,
  `code_title` varchar(255) DEFAULT NULL,
  PRIMARY KEY (`id`)
) ENGINE=MyISAM DEFAULT CHARSET=utf8;

INSERT INTO `y_mobile_contact` (`id`, `category_id`, `is_home`, `is_contact`, `is_publish`, `hardware`, `lang`, `address_title`, `address_content`, `office_location`, `point_x`, `point_y`, `email_title`, `email_content`, `tel_title`, `tel_content`, `weibo_title`, `weibo_content`, `fax_title`, `fax_content`, `sms_title`, `sms_content`, `contact_title`, `contact_content`, `web_content`, `web_title`, `other_content`, `other_title`, `code_content`, `code_title`) VALUES
(19,	1,	NULL,	NULL,	1,	'mobile',	'zh-cn',	'地址标题gggg',	'地址详细内容',	'广东省广州市天河客运站',	'113.349508',	'23.17719',	'邮箱标题',	'邮箱内容',	'电话标题',	'电话内容',	'微博标题',	'微博内容',	'传真标题',	'传真内容',	'短信标题',	'短信内容',	'联系人标题',	'联系人详情',	'网站详情',	'网站标题',	'其他内容',	'其他标题',	'邮政内容',	'邮政标题'),
(20,	1,	NULL,	NULL,	1,	'mobile',	'zh-tw',	't地址标题gfgfgfgf',	'tt地址详细内容',	'ttt广东省广州市天河客运站',	'113.349508',	'23.17719',	'邮箱标题',	'邮箱内容',	'电话标题',	'电话内容',	'微博标题',	'微博内容',	'传真标题',	'传真内容',	'短信标题',	'短信内容',	'联系人标题',	'联系人详情',	'网站详情',	'网站标题',	'其他内容',	'其他标题',	'邮政内容',	'邮政标题');

DROP TABLE IF EXISTS `y_news`;
CREATE TABLE `y_news` (
  `id` int(11) NOT NULL AUTO_INCREMENT,
  `category_id` int(11) unsigned NOT NULL,
  `is_publish` int(1) DEFAULT '0',
  `is_comment` int(1) DEFAULT '0',
  `is_top` int(1) DEFAULT '0',
  `is_home` int(1) DEFAULT '0',
  `click_count` int(11) DEFAULT '1',
  `ordernum` int(11) DEFAULT '999',
  `update_time` int(11) DEFAULT NULL,
  `create_time` int(11) DEFAULT NULL,
  `hardware` varchar(255) NOT NULL DEFAULT 'pc',
  `lang` varchar(255) DEFAULT NULL,
  `title` varchar(255) DEFAULT NULL,
  `tag` varchar(255) DEFAULT NULL,
  `image` varchar(255) DEFAULT NULL,
  `author` varchar(255) DEFAULT NULL,
  `source` varchar(255) DEFAULT NULL,
  `summary` varchar(255) DEFAULT NULL,
  `seo_title` varchar(255) DEFAULT NULL,
  `seo_keywords` varchar(255) DEFAULT NULL,
  `seo_description` varchar(255) DEFAULT NULL,
  `content` text,
  `my_id` int(11) DEFAULT NULL,
  PRIMARY KEY (`id`)
) ENGINE=MyISAM DEFAULT CHARSET=utf8;

INSERT INTO `y_news` (`id`, `category_id`, `is_publish`, `is_comment`, `is_top`, `is_home`, `click_count`, `ordernum`, `update_time`, `create_time`, `hardware`, `lang`, `title`, `tag`, `image`, `author`, `source`, `summary`, `seo_title`, `seo_keywords`, `seo_description`, `content`, `my_id`) VALUES
(1,	1170,	1,	0,	0,	0,	86,	999,	1380210871,	1376104925,	'pc',	'zh-cn',	'关于我们',	NULL,	'5205b1dda41ac.jpg',	NULL,	NULL,	'',	'',	'',	'',	'&lt;p style=&quot;line-height: 30px; color: rgb(102, 102, 102); font-size: 13px; font-family: 微软雅黑, Verdana, Arial, Helvetica, sans-serif; margin-top: 0px; margin-bottom: 0px; padding: 0px; word-wrap: break-word; white-space: normal; text-align: justify; &quot;&gt;&lt;span style=&quot;font-size: 10px; font-family: 微软雅黑, &amp;#39;Microsoft YaHei&amp;#39;; &quot;&gt;&amp;nbsp; &amp;nbsp;&amp;nbsp;蒲记甜品是一家营运所涉及到产品生产、运送、销售皆自行包办处理，不假外求的连锁餐饮管理有限公司。蒲记甜品累积多年的营运经验，主要以经营各种香港甜 品、鲜榨果汁、冷饮和蛋糕点心；除了有着浓厚的香港制作的标签，还有着“用心”二字；每一碗甜品、每一杯果汁、每一份点心，均选料上乘，加工精细，口感细腻独特。&lt;br/&gt;&lt;/span&gt;&lt;/p&gt;&lt;p style=&quot;line-height: 30px; color: rgb(102, 102, 102); font-size: 13px; font-family: 微软雅黑, Verdana, Arial, Helvetica, sans-serif; margin-top: 0px; margin-bottom: 0px; padding: 0px; word-wrap: break-word; white-space: normal; text-align: justify; &quot;&gt;&lt;span style=&quot;font-family: 微软雅黑, &amp;#39;Microsoft YaHei&amp;#39;; font-size: 10px; &quot;&gt;&amp;nbsp; &amp;nbsp; &amp;nbsp; 2010年蒲记甜品带着幸福的甜意，由创立人邓华玉师傅带领的专业团队立户于东莞，让甜品成为我们生活里的好朋友，让更多人感受“蒲记”的用心；希望喜欢和看好甜品行业的您赶快来加入我们的队伍，为创造中国一流的甜品品牌而共同努力。&lt;/span&gt;&lt;/p&gt;&lt;p style=&quot;line-height: 30px; color: rgb(102, 102, 102); font-size: 13px; font-family: 微软雅黑, Verdana, Arial, Helvetica, sans-serif; margin-top: 0px; margin-bottom: 0px; padding: 0px; word-wrap: break-word; white-space: normal; text-align: justify; &quot;&gt;&lt;span style=&quot;font-family: 微软雅黑, &amp;#39;Microsoft YaHei&amp;#39;; font-size: 10px; &quot;&gt;&amp;nbsp; &amp;nbsp; &amp;nbsp; 本公司服务对象为全国的餐饮连锁店、咖啡店、西餐厅、面包屋、甜品店等。实力雄厚的研发团队，安全洁净的生产环境，迅捷及时的物流配送．形成了从创新研发到采购加工无缝衔接的完整供应链。在供应半成品配送的同时，提供相关的技术指导、员工培训、店面设计装饰及经营管理咨询。 公司积极倡导一种”健康、幸福、专注”的饮食文化．推崇高品质生活方式和消费观念，更为那些勇于自主创业，向往美好生活的投资者提供一条快捷、便利、安全 的致富渠道。“以人为本、互利共赢“的经营理念和营销模式，不仅为客户节省和降低了厂房、设备、技术、采购、人工等各项投资经营成本，更让投资者省心省 力，把更多的时间和精力投入到店面的经营管理中去。企业强调与加盟经营商的共同成长，实现品牌、形象与利润的共赢。&lt;/span&gt;&lt;/p&gt;&lt;p&gt;&lt;br/&gt;&lt;/p&gt;',	NULL),
(2,	1171,	1,	0,	0,	0,	13,	999,	1376105183,	1376105183,	'pc',	'zh-cn',	'蒲记前景',	NULL,	'5205b2df4a3c5.jpg',	NULL,	NULL,	'',	'',	'',	'',	'&lt;p style=&quot;line-height: 30px; color: rgb(102, 102, 102); font-size: 13px; font-family: 微软雅黑, Verdana, Arial, Helvetica, sans-serif; margin-top: 0px; margin-bottom: 0px; padding: 0px; word-wrap: break-word; white-space: normal;&quot;&gt;&amp;nbsp;&amp;nbsp;&amp;nbsp;&amp;nbsp;&amp;nbsp;糖水店普及大街小巷，珠三角和港澳地区。广博精深的甜品文化在南粤大地孕育了数百年。今天，时尚男女们从享受甜品冷饮的美味，追求果品的健康养颜；从享受美食，追求情调和惬意；无论是华美精致的西方甜品，还是温润养生的东方甜品，都不知不觉地进入人们生活，让时间走得轻松，给繁忙的生活一个留白空间。加上我们对市场的了解，甜品的发展趋势肯定是新潮、健康为主。&lt;br/&gt;80%以上的被调查者都喜欢甜品，有机构通过对北京、上海、广州、西安、成都、重庆、武汉、厦门、南宁、沈阳、哈尔滨、长春、济南、太原、郑州、杭州、南京、苏州、长沙等十九个乡村进行调查后发现。90%人把甜品作为生活中的一部分。&lt;/p&gt;&lt;p style=&quot;line-height: 30px; color: rgb(102, 102, 102); font-size: 13px; font-family: 微软雅黑, Verdana, Arial, Helvetica, sans-serif; margin-top: 0px; margin-bottom: 0px; padding: 0px; word-wrap: break-word; white-space: normal;&quot;&gt;&amp;nbsp;蒲记甜品是一家营运所涉及到产品生产、运送、销售皆自行包办处理，不假外求的连锁餐饮管理有限公司。蒲记甜品累积多年的营运经验，主要以经营各种香港甜 品、鲜榨果汁、冷饮和蛋糕点心；除了有着浓厚的香港制作的标签，还有着“用心”二字；每一碗甜品、每一杯果汁、每一份点心，均选料上乘，加工精细，口感细 腻独特。&lt;br/&gt;&amp;nbsp;&amp;nbsp;&amp;nbsp;&amp;nbsp;&amp;nbsp;&amp;nbsp;2011年蒲记甜品带着浓浓的甜意，由资深甜品培训师邓华玉师傅带领的团队创立于东莞，让甜品成为我们生活里的好朋友，让更多人感受“蒲记”的用心；希望喜欢和看好甜品行业的你赶快来加入我们的队伍，为创造中国一流的甜品品牌而共同努力。&lt;/p&gt;',	NULL),
(3,	1172,	1,	0,	0,	0,	13,	999,	1376105400,	1376105253,	'pc',	'zh-cn',	'蒲记定位',	NULL,	'5205b324ebbe4.jpg',	NULL,	NULL,	'',	'',	'',	'',	'&lt;p style=&quot;margin-top: 0px; margin-bottom: 0px; white-space: normal; line-height: 30px; color: rgb(102, 102, 102); font-size: 13px; font-family: 微软雅黑, Verdana, Arial, Helvetica, sans-serif; padding: 0px; word-wrap: break-word;&quot;&gt;蒲记以“自然、健康、美味”的特色以及连锁加盟经营理念，为蒲记加盟商提供更优质的专业产品和真诚的服务，立足成为与消费者信赖的甜品品牌。&lt;/p&gt;&lt;p style=&quot;margin-top: 0px; margin-bottom: 0px; white-space: normal; line-height: 30px; color: rgb(102, 102, 102); font-size: 13px; font-family: 微软雅黑, Verdana, Arial, Helvetica, sans-serif; padding: 0px; word-wrap: break-word;&quot;&gt;&lt;img src=&quot;/Public/ueditor/php/upload/20130810/13761053973924.jpg&quot; title=&quot;20120418184015126.jpg&quot;/&gt;&lt;/p&gt;',	NULL),
(4,	1175,	1,	0,	0,	0,	2,	999,	1376064000,	1376064000,	'pc',	'zh-cn',	'蒲记甜品东莞大岭山店即将开业',	NULL,	'5205b473a10c0.jpg',	'',	'',	'',	'',	'',	'',	'&lt;p&gt;蒲记甜品东莞大岭山店即将开业.....&lt;/p&gt;',	NULL),
(5,	1506,	1,	0,	0,	0,	132,	999,	1379985267,	1376106074,	'pc',	'zh-cn',	'加盟条件',	NULL,	'5205b65aa48e7.jpg',	NULL,	NULL,	'',	'',	'',	'',	'&lt;p style=&quot;text-align: center;&quot;&gt;&lt;br/&gt;&lt;/p&gt;&lt;p style=&quot;text-align: left;&quot;&gt;&lt;img src=&quot;/Public/ueditor/php/upload/20130924/13799852644254.jpg&quot; title=&quot;加盟条件.jpg&quot;/&gt;&lt;/p&gt;',	NULL),
(6,	1507,	1,	0,	0,	0,	44,	999,	1379985292,	1376106192,	'pc',	'zh-cn',	'加盟流程',	NULL,	NULL,	NULL,	NULL,	'',	'',	'',	'',	'&lt;p&gt;&lt;span style=&quot;color: rgb(102, 102, 102); font-family: 微软雅黑, Verdana, Arial, Helvetica, sans-serif; font-size: 13px; line-height: 30px;&quot;&gt;&amp;nbsp; 蒲记甜品将商标、商号、设计版权、产品和专有技术、经营模式等授予加盟者，为加盟者提供选址评估、装修设计、经营管理、人员培训、开业上门、财务管理系统、产品研发及广告促销等全方位的支持与辅导，“不从零开始”的加盟方式，使开店简化为一个“复制”成功的模式。加盟商可使用蒲记甜品成熟的产品和经营管理方案，迅速打开当地市场。加盟蒲记甜品不仅使您获得一份事业，更为您成就一个非凡的精彩人生！&lt;/span&gt;&lt;/p&gt;&lt;p&gt;&lt;span style=&quot;color: rgb(102, 102, 102); font-family: 微软雅黑, Verdana, Arial, Helvetica, sans-serif; font-size: 13px; line-height: 30px;&quot;&gt;&lt;br/&gt;&lt;/span&gt;&lt;/p&gt;&lt;p style=&quot;text-align: center;&quot;&gt;&lt;span style=&quot;color: rgb(102, 102, 102); font-family: 微软雅黑, Verdana, Arial, Helvetica, sans-serif; font-size: 13px; line-height: 30px;&quot;&gt;&lt;img src=&quot;/Public/ueditor/php/upload/20130924/13799852872622.jpg&quot; title=&quot;加盟流程.jpg&quot;/&gt;&lt;/span&gt;&lt;/p&gt;',	NULL),
(7,	1508,	1,	0,	0,	0,	47,	999,	1379985328,	1376106232,	'pc',	'zh-cn',	'加盟方案',	NULL,	NULL,	NULL,	NULL,	'',	'',	'',	'',	'&lt;p style=&quot;text-align: center;&quot;&gt;&lt;img src=&quot;/Public/ueditor/php/upload/20130924/13799853132516.jpg&quot; style=&quot;float:none;&quot; title=&quot;标准店.jpg&quot;/&gt;&lt;/p&gt;&lt;p style=&quot;text-align: center;&quot;&gt;&lt;img src=&quot;/Public/ueditor/php/upload/20130924/13799853132380.jpg&quot; style=&quot;float:none;&quot; title=&quot;创业店.jpg&quot;/&gt;&lt;/p&gt;&lt;p style=&quot;text-align: center;&quot;&gt;&lt;br/&gt;&lt;/p&gt;',	NULL),
(8,	1509,	1,	0,	0,	0,	45,	999,	1379985345,	1376106271,	'pc',	'zh-cn',	'加盟支持',	NULL,	NULL,	NULL,	NULL,	'',	'',	'',	'',	'&lt;p style=&quot;text-align: center;&quot;&gt;&lt;img src=&quot;/Public/ueditor/php/upload/20130924/1379985340797.jpg&quot; title=&quot;加盟支持.jpg&quot;/&gt;&lt;/p&gt;',	NULL),
(9,	1510,	1,	0,	0,	0,	114,	999,	1379400308,	1376106319,	'pc',	'zh-cn',	'蒲记门店',	NULL,	'5237fa7446830.jpg',	NULL,	NULL,	'',	'',	'',	'',	'&lt;p&gt;&lt;span style=&quot;font-family: arial, helvetica, sans-serif; &quot;&gt;&lt;strong&gt;&lt;span style=&quot;font-size: 16px; color: rgb(227, 108, 9); &quot;&gt;广东·东莞&lt;/span&gt;&lt;/strong&gt;&lt;/span&gt;&lt;/p&gt;&lt;p&gt;&lt;span style=&quot;font-size: 16px; color: rgb(227, 108, 9); font-family: arial, helvetica, sans-serif; &quot;&gt;&lt;br/&gt;&lt;/span&gt;&lt;/p&gt;&lt;p&gt;&lt;span style=&quot;color: rgb(227, 108, 9); font-family: arial, helvetica, sans-serif;&quot;&gt;&lt;/span&gt;&lt;/p&gt;&lt;p style=&quot;margin-top: 0px; margin-bottom: 0px; padding: 0px; white-space: normal; &quot;&gt;&lt;span style=&quot;font-family: arial, helvetica, sans-serif; font-size: 16px; color: rgb(0, 0, 0); &quot;&gt;南城店：东莞市南城区景湖时代城88号铺 &amp;nbsp; &amp;nbsp; &amp;nbsp; &amp;nbsp; &amp;nbsp; &amp;nbsp; &amp;nbsp; &amp;nbsp; &amp;nbsp; &amp;nbsp; &amp;nbsp;电话：0769-21686220&lt;/span&gt;&lt;/p&gt;&lt;p style=&quot;margin-top: 0px; margin-bottom: 0px; padding: 0px; white-space: normal; &quot;&gt;&lt;span style=&quot;font-family: arial, helvetica, sans-serif; font-size: 16px; color: rgb(0, 0, 0); &quot;&gt;大朗店：东莞市大朗镇帝豪酒店一层（松佛路29号） &amp;nbsp;电话：0769-22333208&lt;br/&gt;&lt;/span&gt;&lt;/p&gt;&lt;p style=&quot;margin-top: 0px; margin-bottom: 0px; padding: 0px; white-space: normal; &quot;&gt;&lt;span style=&quot;font-family: arial, helvetica, sans-serif; font-size: 16px; color: rgb(0, 0, 0); &quot;&gt;黄江店：东莞市黄江镇锦绣花园14座B铺 &amp;nbsp; &amp;nbsp; &amp;nbsp; &amp;nbsp; &amp;nbsp; &amp;nbsp; &amp;nbsp; &amp;nbsp; &amp;nbsp; &amp;nbsp; &amp;nbsp; 电话：0769-83638311&lt;/span&gt;&lt;/p&gt;&lt;p style=&quot;margin-top: 0px; margin-bottom: 0px; padding: 0px; white-space: normal; &quot;&gt;&lt;span style=&quot;font-family: arial, helvetica, sans-serif; font-size: 16px; color: rgb(0, 0, 0); &quot;&gt;万江店：即将闪耀...&lt;/span&gt;&lt;/p&gt;&lt;p style=&quot;margin-top: 0px; margin-bottom: 0px; padding: 0px; white-space: normal; &quot;&gt;&lt;span style=&quot;font-family: arial, helvetica, sans-serif; font-size: 16px; color: rgb(0, 0, 0); &quot;&gt;长安店：紧张筹备中...&lt;/span&gt;&lt;/p&gt;&lt;p style=&quot;margin-top: 0px; margin-bottom: 0px; padding: 0px; white-space: normal; &quot;&gt;&lt;span style=&quot;font-family: arial, helvetica, sans-serif; font-size: 16px; color: rgb(0, 0, 0); &quot;&gt;常平店：紧张筹备中...&lt;/span&gt;&lt;/p&gt;&lt;p style=&quot;margin-top: 0px; margin-bottom: 0px; padding: 0px; white-space: normal; &quot;&gt;&lt;span style=&quot;font-family: arial, helvetica, sans-serif; font-size: 16px; color: rgb(0, 0, 0); &quot;&gt;凤岗店：紧张筹备中...&lt;/span&gt;&lt;/p&gt;&lt;p&gt;&lt;span style=&quot;color: rgb(227, 108, 9); font-family: arial, helvetica, sans-serif;&quot;&gt;&lt;br/&gt;&lt;/span&gt;-------------------------------------------------------------------&lt;/p&gt;&lt;p&gt;&lt;span style=&quot;font-family: arial, helvetica, sans-serif; &quot;&gt;&lt;strong&gt;&lt;span style=&quot;color: rgb(227, 108, 9); &quot;&gt;浙江·台州&lt;/span&gt;&lt;/strong&gt;&lt;/span&gt;&lt;/p&gt;&lt;p&gt;&lt;br/&gt;&lt;/p&gt;&lt;p&gt;&lt;span style=&quot;font-family: arial, helvetica, sans-serif; font-size: 16px; color: rgb(0, 0, 0); &quot;&gt;天台店:台州市天台县劳动路六六福珠宝正后门 &amp;nbsp; &amp;nbsp; &amp;nbsp;电话：0576-83981797&lt;/span&gt;&lt;/p&gt;&lt;p&gt;&lt;br/&gt;&lt;/p&gt;&lt;p&gt;-------------------------------------------------------------------&lt;/p&gt;&lt;p&gt;&lt;span style=&quot;font-family: arial, helvetica, sans-serif; &quot;&gt;&lt;strong&gt;&lt;span style=&quot;color: rgb(227, 108, 9); &quot;&gt;浙江·杭州&lt;/span&gt;&lt;/strong&gt;&lt;/span&gt;&lt;/p&gt;&lt;p&gt;&lt;strong&gt;&lt;span style=&quot;color: rgb(227, 108, 9);&quot;&gt;&lt;br/&gt;&lt;/span&gt;&lt;/strong&gt;&lt;/p&gt;&lt;p&gt;&lt;span style=&quot;color: rgb(0, 0, 0); font-family: arial, helvetica, sans-serif; font-size: 16px; &quot;&gt;灵隐寺店：杭州灵隐寺紧张筹备中...&lt;/span&gt;&lt;/p&gt;&lt;p&gt;&lt;br/&gt;&lt;/p&gt;&lt;p&gt;-------------------------------------------------------------------&lt;/p&gt;&lt;p&gt;&lt;span style=&quot;font-family: arial, helvetica, sans-serif; &quot;&gt;&lt;strong&gt;&lt;span style=&quot;color: rgb(227, 108, 9); &quot;&gt;重庆&lt;/span&gt;&lt;/strong&gt;&lt;/span&gt;&lt;/p&gt;&lt;p&gt;&lt;br/&gt;&lt;/p&gt;&lt;p&gt;&lt;span style=&quot;font-family: arial, helvetica, sans-serif; font-size: 16px; color: rgb(0, 0, 0); &quot;&gt;星光天地店：重庆市北部新区人和星光天地L3-4 &amp;nbsp; &amp;nbsp; &amp;nbsp;电话：023-60362899&lt;/span&gt;&lt;/p&gt;&lt;p&gt;&lt;br/&gt;&lt;/p&gt;',	NULL),
(10,	1511,	1,	0,	0,	0,	25,	999,	1379010872,	1376106643,	'pc',	'zh-cn',	'蒲记装修',	NULL,	NULL,	NULL,	NULL,	'',	'',	'',	'',	'&lt;p&gt;&lt;br/&gt;&lt;/p&gt;&lt;p style=&quot;text-align: center; &quot;&gt;&lt;img src=&quot;/Public/ueditor/php/upload//20130913/13790090956542.jpg&quot; style=&quot;&quot;/&gt;&lt;/p&gt;&lt;p style=&quot;text-align: center; &quot;&gt;&lt;img src=&quot;/Public/ueditor/php/upload//20130913/13790090978580.jpg&quot;/&gt;&lt;/p&gt;&lt;p style=&quot;text-align: center; &quot;&gt;&lt;img src=&quot;/Public/ueditor/php/upload//20130913/13790091008012.jpg&quot;/&gt;&lt;/p&gt;&lt;p style=&quot;text-align: center; &quot;&gt;&lt;img src=&quot;/Public/ueditor/php/upload//20130913/13790091163500.jpg&quot; style=&quot;&quot;/&gt;&lt;/p&gt;&lt;p style=&quot;text-align: center; &quot;&gt;&lt;img src=&quot;/Public/ueditor/php/upload//20130913/13790091132337.jpg&quot; style=&quot;&quot;/&gt;&lt;/p&gt;&lt;p style=&quot;text-align: center; &quot;&gt;&lt;img src=&quot;/Public/ueditor/php/upload//20130913/13790091105155.jpg&quot; style=&quot;&quot;/&gt;&lt;/p&gt;&lt;p style=&quot;text-align: center; &quot;&gt;&lt;img src=&quot;/Public/ueditor/php/upload//20130913/13790091074850.jpg&quot; style=&quot;&quot;/&gt;&lt;/p&gt;&lt;p style=&quot;text-align: center; &quot;&gt;&lt;img src=&quot;/Public/ueditor/php/upload//20130913/13790091036426.jpg&quot; style=&quot;&quot;/&gt;&lt;/p&gt;&lt;p&gt;&lt;br/&gt;&lt;/p&gt;&lt;p&gt;&lt;br/&gt;&lt;/p&gt;&lt;p style=&quot;text-align: center; &quot;&gt;&lt;img src=&quot;/Public/ueditor/php/upload//20130913/13790090865924.jpg&quot; style=&quot;&quot;/&gt;&lt;/p&gt;&lt;p style=&quot;text-align: center; &quot;&gt;&lt;img src=&quot;/Public/ueditor/php/upload//20130913/13790090871580.jpg&quot;/&gt;&lt;/p&gt;&lt;p style=&quot;text-align: center; &quot;&gt;&lt;img src=&quot;/Public/ueditor/php/upload//20130913/13790090884612.jpg&quot;/&gt;&lt;/p&gt;&lt;p&gt;&lt;br/&gt;&lt;/p&gt;&lt;p&gt;&lt;br/&gt;&lt;/p&gt;',	NULL),
(11,	1512,	1,	0,	0,	0,	12,	999,	1376113057,	1376112960,	'pc',	'zh-cn',	'蒲记VI',	NULL,	NULL,	NULL,	NULL,	'',	'',	'',	'',	'&lt;p style=&quot;text-align: center;&quot;&gt;&lt;span style=&quot;color: rgb(102, 102, 102); font-family: 微软雅黑, Verdana, Arial, Helvetica, sans-serif; font-size: 13px; line-height: 30px;&quot;&gt;&amp;nbsp;蒲记店面招牌&lt;/span&gt;&lt;/p&gt;&lt;p style=&quot;text-align: center;&quot;&gt;&lt;span style=&quot;color: rgb(102, 102, 102); font-family: 微软雅黑, Verdana, Arial, Helvetica, sans-serif; font-size: 13px; line-height: 30px;&quot;&gt;&lt;img src=&quot;/Public/ueditor/php/upload/20130810/13761069313360.jpg&quot; title=&quot;20120601180408936.jpg&quot;/&gt;&lt;/span&gt;&lt;/p&gt;&lt;p style=&quot;text-align: center;&quot;&gt;&lt;span style=&quot;color: rgb(102, 102, 102); font-family: 微软雅黑, Verdana, Arial, Helvetica, sans-serif; font-size: 13px; line-height: 30px;&quot;&gt;&lt;span style=&quot;color: rgb(102, 102, 102); font-family: 微软雅黑, Verdana, Arial, Helvetica, sans-serif; font-size: 13px; line-height: 30px; text-align: center;&quot;&gt;&amp;nbsp;蒲记店面招牌&lt;/span&gt;&lt;/span&gt;&lt;/p&gt;&lt;p style=&quot;text-align: center;&quot;&gt;&lt;span style=&quot;color: rgb(102, 102, 102); font-family: 微软雅黑, Verdana, Arial, Helvetica, sans-serif; font-size: 13px; line-height: 30px;&quot;&gt;&lt;span style=&quot;color: rgb(102, 102, 102); font-family: 微软雅黑, Verdana, Arial, Helvetica, sans-serif; font-size: 13px; line-height: 30px; text-align: center;&quot;&gt;&lt;img src=&quot;/Public/ueditor/php/upload/20130810/13761128416729.jpg&quot; title=&quot;20120601180446489.jpg&quot;/&gt;&lt;/span&gt;&lt;/span&gt;&lt;/p&gt;&lt;p style=&quot;text-align: center;&quot;&gt;&lt;span style=&quot;color: rgb(102, 102, 102); font-family: 微软雅黑, Verdana, Arial, Helvetica, sans-serif; font-size: 13px; line-height: 30px;&quot;&gt;&lt;span style=&quot;color: rgb(102, 102, 102); font-family: 微软雅黑, Verdana, Arial, Helvetica, sans-serif; font-size: 13px; line-height: 30px; text-align: center;&quot;&gt;&lt;span style=&quot;color: rgb(102, 102, 102); font-family: 微软雅黑, Verdana, Arial, Helvetica, sans-serif; font-size: 13px; line-height: 30px; text-align: center;&quot;&gt;&amp;nbsp;蒲记店面招牌&lt;/span&gt;&lt;/span&gt;&lt;/span&gt;&lt;/p&gt;&lt;p&gt;&lt;span style=&quot;color: rgb(102, 102, 102); font-family: 微软雅黑, Verdana, Arial, Helvetica, sans-serif; font-size: 13px; line-height: 30px;&quot;&gt;&lt;span style=&quot;color: rgb(102, 102, 102); font-family: 微软雅黑, Verdana, Arial, Helvetica, sans-serif; font-size: 13px; line-height: 30px; text-align: center;&quot;&gt;&lt;span style=&quot;color: rgb(102, 102, 102); font-family: 微软雅黑, Verdana, Arial, Helvetica, sans-serif; font-size: 13px; line-height: 30px; text-align: center;&quot;&gt;&lt;/span&gt;&lt;/span&gt;&lt;/span&gt;&lt;/p&gt;&lt;p style=&quot;text-align: center;&quot;&gt;&lt;img src=&quot;/Public/ueditor/php/upload/20130810/13761129383988.jpg&quot; style=&quot;float:none;&quot; title=&quot;05.jpg&quot;/&gt;&lt;/p&gt;&lt;p style=&quot;text-align: center;&quot;&gt;&lt;img src=&quot;/Public/ueditor/php/upload/20130810/13761129385949.jpg&quot; style=&quot;float:none;&quot; title=&quot;01.jpg&quot;/&gt;&lt;/p&gt;&lt;p style=&quot;text-align: center;&quot;&gt;&lt;img src=&quot;/Public/ueditor/php/upload/20130810/13761129387222.jpg&quot; style=&quot;float:none;&quot; title=&quot;02.jpg&quot;/&gt;&lt;/p&gt;&lt;p style=&quot;text-align: center;&quot;&gt;&lt;img src=&quot;/Public/ueditor/php/upload/20130810/13761129408171.jpg&quot; style=&quot;float:none;&quot; title=&quot;03.jpg&quot;/&gt;&lt;/p&gt;&lt;p style=&quot;text-align: center;&quot;&gt;&lt;img src=&quot;/Public/ueditor/php/upload/20130810/13761129418076.jpg&quot; style=&quot;float:none;&quot; title=&quot;04.jpg&quot;/&gt;&lt;/p&gt;&lt;p style=&quot;text-align: center;&quot;&gt;&lt;span style=&quot;color: rgb(102, 102, 102); font-family: 微软雅黑, Verdana, Arial, Helvetica, sans-serif; font-size: 13px; line-height: 30px; text-align: center;&quot;&gt;蒲记店面招牌&lt;/span&gt;&lt;/p&gt;&lt;p style=&quot;text-align: center;&quot;&gt;&lt;span style=&quot;color: rgb(102, 102, 102); font-family: 微软雅黑, Verdana, Arial, Helvetica, sans-serif; font-size: 13px; line-height: 30px;&quot;&gt;&lt;span style=&quot;color: rgb(102, 102, 102); font-family: 微软雅黑, Verdana, Arial, Helvetica, sans-serif; font-size: 13px; line-height: 30px; text-align: center;&quot;&gt;&lt;span style=&quot;color: rgb(102, 102, 102); font-family: 微软雅黑, Verdana, Arial, Helvetica, sans-serif; font-size: 13px; line-height: 30px; text-align: center;&quot;&gt;&lt;img src=&quot;/Public/ueditor/php/upload/20130810/13761130028052.jpg&quot; title=&quot;20120601180702856.jpg&quot;/&gt;&lt;/span&gt;&lt;/span&gt;&lt;/span&gt;&lt;/p&gt;&lt;p style=&quot;text-align: center;&quot;&gt;&lt;span style=&quot;color: rgb(102, 102, 102); font-family: 微软雅黑, Verdana, Arial, Helvetica, sans-serif; font-size: 13px; line-height: 30px;&quot;&gt;&lt;span style=&quot;color: rgb(102, 102, 102); font-family: 微软雅黑, Verdana, Arial, Helvetica, sans-serif; font-size: 13px; line-height: 30px; text-align: center;&quot;&gt;&lt;span style=&quot;color: rgb(102, 102, 102); font-family: 微软雅黑, Verdana, Arial, Helvetica, sans-serif; font-size: 13px; line-height: 30px; text-align: center;&quot;&gt;&lt;span style=&quot;color: rgb(102, 102, 102); font-family: 微软雅黑, Verdana, Arial, Helvetica, sans-serif; font-size: 13px; line-height: 30px; text-align: center;&quot;&gt;蒲记店面招牌&lt;/span&gt;&lt;/span&gt;&lt;/span&gt;&lt;/span&gt;&lt;/p&gt;&lt;p style=&quot;text-align: center;&quot;&gt;&lt;span style=&quot;color: rgb(102, 102, 102); font-family: 微软雅黑, Verdana, Arial, Helvetica, sans-serif; font-size: 13px; line-height: 30px;&quot;&gt;&lt;span style=&quot;color: rgb(102, 102, 102); font-family: 微软雅黑, Verdana, Arial, Helvetica, sans-serif; font-size: 13px; line-height: 30px; text-align: center;&quot;&gt;&lt;span style=&quot;color: rgb(102, 102, 102); font-family: 微软雅黑, Verdana, Arial, Helvetica, sans-serif; font-size: 13px; line-height: 30px; text-align: center;&quot;&gt;&lt;span style=&quot;color: rgb(102, 102, 102); font-family: 微软雅黑, Verdana, Arial, Helvetica, sans-serif; font-size: 13px; line-height: 30px; text-align: center;&quot;&gt;&lt;img src=&quot;/Public/ueditor/php/upload/20130810/13761130495877.jpg&quot; title=&quot;20120601180811919.jpg&quot;/&gt;&lt;/span&gt;&lt;/span&gt;&lt;/span&gt;&lt;/span&gt;&lt;/p&gt;',	NULL),
(12,	1513,	1,	0,	0,	0,	7,	999,	1376113124,	1376113124,	'pc',	'zh-cn',	'蒲记指导店',	NULL,	NULL,	NULL,	NULL,	'',	'',	'',	'',	'&lt;p&gt;&lt;span style=&quot;color: rgb(102, 102, 102); font-family: 微软雅黑, Verdana, Arial, Helvetica, sans-serif; font-size: 13px; line-height: 30px; text-align: center;&quot;&gt;&amp;nbsp;蒲记指导店&lt;/span&gt;&lt;/p&gt;',	NULL),
(13,	1395,	1,	0,	0,	0,	46,	999,	1379011414,	1376113224,	'pc',	'zh-cn',	'联系方式',	NULL,	'5205d2483bcc0.jpg',	NULL,	NULL,	'',	'',	'',	'',	'&lt;p&gt;&lt;strong style=&quot;color: rgb(102, 102, 102); font-family: 微软雅黑, Verdana, Arial, Helvetica, sans-serif; font-size: 13px; line-height: 30px; white-space: normal;&quot;&gt;东莞市蒲记餐饮管理有限公司 （蒲记甜品总部--中国）&lt;/strong&gt;&lt;br style=&quot;color: rgb(102, 102, 102); font-family: 微软雅黑, Verdana, Arial, Helvetica, sans-serif; font-size: 13px; line-height: 30px; white-space: normal;&quot;/&gt;&lt;span style=&quot;color: rgb(102, 102, 102); font-family: 微软雅黑, Verdana, Arial, Helvetica, sans-serif; font-size: 13px; line-height: 30px;&quot;&gt;公司地址：东莞市南城区景湖时代城88号&lt;/span&gt;&lt;br style=&quot;color: rgb(102, 102, 102); font-family: 微软雅黑, Verdana, Arial, Helvetica, sans-serif; font-size: 13px; line-height: 30px; white-space: normal;&quot;/&gt;&lt;span style=&quot;color: rgb(102, 102, 102); font-family: 微软雅黑, Verdana, Arial, Helvetica, sans-serif; font-size: 13px; line-height: 30px;&quot;&gt;加盟咨询：邓先生 &amp;nbsp; 134 1424 4092&amp;nbsp;&lt;/span&gt;&lt;/p&gt;&lt;p&gt;&lt;span style=&quot;color: rgb(102, 102, 102); font-family: 微软雅黑, Verdana, Arial, Helvetica, sans-serif; font-size: 13px; line-height: 30px;&quot;&gt;QQ邮箱：49906963@qq.com&lt;/span&gt;&lt;br/&gt;&lt;/p&gt;&lt;p&gt;&lt;a href=&quot;http://e.weibo.com/u/2027595185?ref=http%3A%2F%2Fweibo.com%2Fu%2F2743951282&quot; target=&quot;_blank&quot; title=&quot;&quot; textvalue=&quot;蒲记甜品--官方微博&quot;&gt;蒲记甜品--官方微博&lt;/a&gt;&lt;br/&gt;&lt;/p&gt;&lt;p&gt;&lt;br/&gt;&lt;/p&gt;&lt;p&gt;&lt;strong style=&quot;white-space: normal; color: rgb(102, 102, 102); font-family: 微软雅黑, Verdana, Arial, Helvetica, sans-serif; font-size: 13px; line-height: 30px; &quot;&gt;重庆市永旭餐饮管理有限公司 （重庆分部--西南地区）&lt;/strong&gt;&lt;/p&gt;&lt;p&gt;&lt;strong style=&quot;white-space: normal; color: rgb(102, 102, 102); font-family: 微软雅黑, Verdana, Arial, Helvetica, sans-serif; font-size: 13px; line-height: 30px; &quot;&gt;&lt;/strong&gt;&lt;/p&gt;&lt;p style=&quot;white-space: normal; &quot;&gt;&lt;span style=&quot;color: rgb(102, 102, 102); font-family: 微软雅黑, Verdana, Arial, Helvetica, sans-serif; font-size: 13px; line-height: 30px; &quot;&gt;公司地址：重庆市北部新区人和星光天地L3-4&lt;/span&gt;&lt;br style=&quot;color: rgb(102, 102, 102); font-family: 微软雅黑, Verdana, Arial, Helvetica, sans-serif; font-size: 13px; line-height: 30px; &quot;/&gt;&lt;span style=&quot;color: rgb(102, 102, 102); font-family: 微软雅黑, Verdana, Arial, Helvetica, sans-serif; font-size: 13px; line-height: 30px; &quot;&gt;加盟咨询：杨先生 &amp;nbsp; 133 8962 0011&lt;/span&gt;&lt;/p&gt;&lt;p style=&quot;white-space: normal; &quot;&gt;&lt;span style=&quot;color: rgb(102, 102, 102); font-family: 微软雅黑, Verdana, Arial, Helvetica, sans-serif; font-size: 13px; line-height: 30px; &quot;&gt;QQ邮箱：411010473@qq.com&lt;/span&gt;&lt;/p&gt;&lt;p&gt;&lt;strong style=&quot;white-space: normal; color: rgb(102, 102, 102); font-family: 微软雅黑, Verdana, Arial, Helvetica, sans-serif; font-size: 13px; line-height: 30px; &quot;&gt;&lt;br/&gt;&lt;/strong&gt;&lt;/p&gt;&lt;p&gt;&lt;strong style=&quot;white-space: normal; color: rgb(102, 102, 102); font-family: 微软雅黑, Verdana, Arial, Helvetica, sans-serif; font-size: 13px; line-height: 30px; &quot;&gt;浙江分部-筹备策划中...&lt;/strong&gt;&lt;/p&gt;&lt;p&gt;&lt;strong style=&quot;white-space: normal; color: rgb(102, 102, 102); font-family: 微软雅黑, Verdana, Arial, Helvetica, sans-serif; font-size: 13px; line-height: 30px; &quot;&gt;北京分部-&lt;strong style=&quot;white-space: normal; color: rgb(102, 102, 102); font-family: 微软雅黑, Verdana, Arial, Helvetica, sans-serif; font-size: 13px; line-height: 30px; &quot;&gt;筹备策划中...&lt;/strong&gt;&lt;/strong&gt;&lt;br/&gt;&lt;/p&gt;',	NULL),
(14,	1242,	1,	0,	0,	0,	10,	999,	1379011994,	1376113313,	'pc',	'zh-cn',	'电子地图',	NULL,	NULL,	NULL,	NULL,	'',	'',	'',	'',	'&lt;p&gt;&lt;/p&gt;&lt;p&gt;&lt;img width=&quot;530&quot; height=&quot;340&quot; src=&quot;http://api.map.baidu.com/staticimage?center=113.761785,23.001581&amp;amp;zoom=17&amp;amp;width=530&amp;amp;height=340&amp;amp;markers=113.761623,23.001381&quot;/&gt;&lt;img width=&quot;530&quot; height=&quot;340&quot; src=&quot;http://api.map.baidu.com/staticimage?center=106.537232,29.634252&amp;amp;zoom=18&amp;amp;width=530&amp;amp;height=340&amp;amp;markers=106.536909,29.634056&quot;/&gt;&lt;/p&gt;',	NULL),
(15,	1528,	1,	0,	0,	0,	43,	999,	1379403777,	1379400409,	'pc',	'zh-cn',	'蒲记发展',	NULL,	NULL,	NULL,	NULL,	'',	'',	'',	'',	'&lt;img src=&quot;/Public/ueditor/php/upload/20130917/13794037755942.jpg&quot; title=&quot;发展历程.jpg&quot;/&gt;',	NULL),
(16,	1175,	1,	0,	0,	0,	4,	999,	1380124800,	1380124800,	'pc',	'zh-cn',	'热烈祝贺蒲记甜品官方网站升级成功！',	NULL,	NULL,	'',	'',	'',	'',	'',	'',	'&lt;p style=&quot;text-align: center; &quot;&gt;由于公司的业务扩展，所以蒲记甜品在2013年整顿升级，蒲记甜品新官方网站于2013年9月15号正式上线！热烈恭贺！&lt;/p&gt;',	NULL),
(17,	1175,	1,	0,	0,	0,	2,	999,	1380211200,	1380211200,	'pc',	'zh-cn',	'热烈恭贺蒲记甜品重庆星光天地店开业！',	NULL,	NULL,	'',	'',	'',	'',	'',	'',	'&lt;p style=&quot;text-align: center; &quot;&gt;&lt;img src=&quot;/Public/ueditor/php/upload/20130927/13802118264928.jpg&quot; style=&quot;float:none;&quot; title=&quot;IMG_1456.JPG&quot;/&gt;&lt;/p&gt;&lt;p style=&quot;text-align: center; &quot;&gt;&lt;img src=&quot;/Public/ueditor/php/upload/20130927/13802119422724.jpg&quot; style=&quot;float:none;&quot; title=&quot;IMG_1422.JPG&quot;/&gt;&lt;/p&gt;&lt;p style=&quot;text-align: center; &quot;&gt;&lt;img src=&quot;/Public/ueditor/php/upload/20130927/13802119447557.jpg&quot; style=&quot;float:none;&quot; title=&quot;__22060188__8511073.jpg&quot;/&gt;&lt;/p&gt;&lt;p style=&quot;text-align: center; &quot;&gt;&lt;img src=&quot;/Public/ueditor/php/upload/20130927/13802119459068.jpg&quot; style=&quot;float:none;&quot; title=&quot;__22060189__6242277.jpg&quot;/&gt;&lt;/p&gt;&lt;p style=&quot;text-align: center; &quot;&gt;&lt;img src=&quot;/Public/ueditor/php/upload/20130927/13802119479966.jpg&quot; style=&quot;float:none;&quot; title=&quot;__22060189__7321848.jpg&quot;/&gt;&lt;/p&gt;&lt;p&gt;&lt;br/&gt;&lt;/p&gt;',	NULL);

DROP TABLE IF EXISTS `y_part`;
CREATE TABLE `y_part` (
  `id` int(11) NOT NULL AUTO_INCREMENT,
  `pid` int(11) NOT NULL DEFAULT '0',
  `orderNum` int(11) NOT NULL DEFAULT '0',
  `lang` varchar(255) NOT NULL DEFAULT '',
  `title` varchar(255) NOT NULL DEFAULT '',
  `url` varchar(255) NOT NULL DEFAULT '',
  `description` text NOT NULL,
  `is_publish` int(11) NOT NULL DEFAULT '0',
  `nowModule` varchar(255) NOT NULL DEFAULT '',
  `alias` varchar(255) NOT NULL,
  PRIMARY KEY (`id`)
) ENGINE=InnoDB DEFAULT CHARSET=utf8;

INSERT INTO `y_part` (`id`, `pid`, `orderNum`, `lang`, `title`, `url`, `description`, `is_publish`, `nowModule`, `alias`) VALUES
(17,	0,	10,	'zh-cn',	'网站首页',	'__APP__',	'',	1,	'',	''),
(18,	0,	10,	'zh-cn',	'企业简介',	'__APP__/About',	'',	1,	'',	''),
(19,	0,	10,	'zh-cn',	'新闻动态',	'__APP__/News',	'',	1,	'',	''),
(20,	0,	10,	'zh-cn',	'产品展示',	'__APP__/Goods',	'',	1,	'',	''),
(21,	0,	10,	'zh-cn',	'服务网点',	'__APP__/Market',	'',	1,	'',	''),
(22,	0,	10,	'zh-cn',	'人才招聘',	'__APP__/Job/show',	'',	1,	'Job',	''),
(23,	0,	10,	'zh-cn',	'招商加盟',	'__APP__/Join',	'',	0,	'',	''),
(24,	0,	10,	'zh-cn',	'在线留言',	'__APP__/Guestbook',	'',	1,	'',	''),
(25,	0,	10,	'zh-cn',	'联系我们',	'__APP__/Contact',	'',	1,	'',	''),
(26,	0,	10,	'zh-cn',	'经营理念',	'/index.php/About/index/cid/1171.html',	'',	0,	'',	''),
(27,	0,	10,	'mobile',	'关于我们',	'__APP__/About',	'',	1,	'',	'About/index'),
(29,	0,	10,	'mobile',	'产品展示',	'__APP__/Goods',	'',	1,	'',	'Goods/index'),
(30,	0,	10,	'mobile',	'新闻动态',	'__APP__/News',	'',	1,	'',	'News/index'),
(31,	0,	10,	'mobile',	'营销网络',	'__APP__/Market',	'',	1,	'',	''),
(32,	0,	10,	'mobile',	'在线留言',	'__APP__/Message',	'',	1,	'',	''),
(33,	0,	10,	'mobile',	'联系方式',	'__APP__/Contact',	'',	1,	'',	''),
(34,	0,	10,	'mobile',	'企业微博',	'__APP__/Weibo',	'',	1,	'',	''),
(35,	0,	10,	'zh-cn',	'企业微博',	'__APP__/Weibo',	'',	1,	'',	''),
(37,	0,	10,	'mobile',	'人才招聘',	'__APP__/Job',	'',	1,	'',	'');

DROP TABLE IF EXISTS `y_survey`;
CREATE TABLE `y_survey` (
  `id` int(11) NOT NULL AUTO_INCREMENT,
  `category_id` int(11) unsigned DEFAULT NULL,
  `pid` int(11) DEFAULT '0',
  `my_id` int(11) DEFAULT NULL,
  `issue_type` int(1) DEFAULT NULL,
  `validity_time` int(11) DEFAULT NULL,
  `ordernum` int(11) NOT NULL DEFAULT '999',
  `lang` varchar(255) DEFAULT NULL,
  `title` varchar(255) NOT NULL DEFAULT '',
  `description` text,
  `ques_num` int(11) NOT NULL DEFAULT '0',
  `is_publish` tinyint(3) NOT NULL DEFAULT '0',
  PRIMARY KEY (`id`)
) ENGINE=MyISAM DEFAULT CHARSET=utf8;


DROP TABLE IF EXISTS `y_survey_answer`;
CREATE TABLE `y_survey_answer` (
  `id` int(11) NOT NULL AUTO_INCREMENT,
  `ques_id` int(11) NOT NULL DEFAULT '0',
  `ordernum` int(11) NOT NULL DEFAULT '999',
  `answer_type` tinyint(3) NOT NULL DEFAULT '0',
  `answer_title` varchar(250) NOT NULL DEFAULT '0',
  `my_id` int(11) NOT NULL,
  PRIMARY KEY (`id`)
) ENGINE=MyISAM DEFAULT CHARSET=utf8;


DROP TABLE IF EXISTS `y_survey_question`;
CREATE TABLE `y_survey_question` (
  `id` int(11) NOT NULL AUTO_INCREMENT,
  `sort_id` int(11) NOT NULL DEFAULT '0',
  `ordernum` int(11) NOT NULL DEFAULT '0',
  `answer_type` tinyint(3) NOT NULL DEFAULT '0',
  `ques_title` varchar(255) NOT NULL DEFAULT '',
  `text_answer` varchar(255) NOT NULL DEFAULT '',
  `answer_id` int(11) NOT NULL DEFAULT '0',
  PRIMARY KEY (`id`)
) ENGINE=MyISAM DEFAULT CHARSET=utf8;


DROP TABLE IF EXISTS `y_survey_result`;
CREATE TABLE `y_survey_result` (
  `id` int(11) NOT NULL AUTO_INCREMENT,
  `sort_id` int(11) NOT NULL DEFAULT '0',
  `ques_id` int(11) NOT NULL DEFAULT '0',
  `answer_type` tinyint(4) NOT NULL DEFAULT '0',
  `answer_id` int(11) NOT NULL DEFAULT '0',
  `answer_text` text NOT NULL,
  PRIMARY KEY (`id`)
) ENGINE=MyISAM DEFAULT CHARSET=utf8;


DROP TABLE IF EXISTS `y_system`;
CREATE TABLE `y_system` (
  `id` int(11) NOT NULL AUTO_INCREMENT,
  `theme` varchar(255) DEFAULT NULL,
  `hardware` varchar(255) NOT NULL DEFAULT 'pc',
  `lang` varchar(255) DEFAULT NULL,
  `linkman` varchar(255) DEFAULT NULL,
  `company` varchar(50) DEFAULT NULL,
  `telephone` varchar(255) DEFAULT NULL,
  `fax` varchar(20) DEFAULT NULL,
  `postcode` varchar(10) DEFAULT NULL,
  `address` varchar(255) DEFAULT NULL,
  `image` varchar(255) DEFAULT NULL,
  `app_logo` varchar(255) DEFAULT NULL,
  `email` varchar(50) DEFAULT NULL,
  `website` varchar(50) DEFAULT NULL,
  `domain` varchar(255) DEFAULT NULL,
  `copyright` varchar(50) DEFAULT NULL,
  `credible` varchar(255) DEFAULT NULL,
  `icpnumber` varchar(255) DEFAULT NULL,
  `seo_title` varchar(100) DEFAULT NULL,
  `seo_keywords` varchar(255) DEFAULT NULL,
  `seo_description` varchar(255) DEFAULT NULL,
  `email_smtp_host` varchar(20) DEFAULT NULL,
  `email_smtp_port` varchar(10) DEFAULT NULL,
  `email_username` varchar(20) DEFAULT NULL,
  `email_password` varchar(20) DEFAULT NULL,
  `email_subject` varchar(255) DEFAULT NULL,
  `email_address` varchar(50) DEFAULT NULL,
  `email_auto` varchar(50) DEFAULT NULL,
  `is_twoCode` int(11) DEFAULT '1',
  `my_id` int(11) DEFAULT NULL,
  `sina_wb_url` varchar(255) DEFAULT NULL,
  `qq_wb_url` varchar(255) DEFAULT NULL,
  `weibo_type` int(11) DEFAULT NULL,
  `is_share` int(11) DEFAULT NULL,
  `share_plug` text,
  `weibo_plug` text,
  PRIMARY KEY (`id`)
) ENGINE=MyISAM DEFAULT CHARSET=utf8;

INSERT INTO `y_system` (`id`, `theme`, `hardware`, `lang`, `linkman`, `company`, `telephone`, `fax`, `postcode`, `address`, `image`, `app_logo`, `email`, `website`, `domain`, `copyright`, `credible`, `icpnumber`, `seo_title`, `seo_keywords`, `seo_description`, `email_smtp_host`, `email_smtp_port`, `email_username`, `email_password`, `email_subject`, `email_address`, `email_auto`, `is_twoCode`, `my_id`, `sina_wb_url`, `qq_wb_url`, `weibo_type`, `is_share`, `share_plug`, `weibo_plug`) VALUES
(1,	NULL,	'pc',	'zh-cn',	NULL,	NULL,	NULL,	NULL,	NULL,	NULL,	NULL,	NULL,	NULL,	'',	'',	'COPYRIGHT 2008-2014 东莞市蒲记餐饮管理有限公司 ALL RIGHT RESERV',	'',	'粤ICP备11019155号',	'东莞市蒲记餐饮管理有限公司--蒲记甜品品牌-港式甜品-法式甜品-加盟-连锁-企业-甜品店策划-甜品店培训',	'蒲记甜品,餐饮管理有限公司,香港甜品,用心,甜品培训师,甜品加盟,中国一流,甜品品牌,甜品连锁,甜品培训，甜品教学',	'蒲记甜品是一家营运所涉及到产品生产、运送、销售皆自行包办处理，不假外求的连锁餐饮管理有限公司。',	NULL,	NULL,	NULL,	NULL,	NULL,	NULL,	NULL,	1,	NULL,	NULL,	NULL,	NULL,	NULL,	NULL,	NULL);

DROP TABLE IF EXISTS `y_theme`;
CREATE TABLE `y_theme` (
  `id` int(11) NOT NULL AUTO_INCREMENT,
  `pc` int(11) DEFAULT NULL,
  `mobile` int(11) DEFAULT NULL,
  `ipad` int(11) DEFAULT NULL,
  PRIMARY KEY (`id`)
) ENGINE=InnoDB DEFAULT CHARSET=latin1;

INSERT INTO `y_theme` (`id`, `pc`, `mobile`, `ipad`) VALUES
(1,	2,	1,	1);

DROP TABLE IF EXISTS `y_video`;
CREATE TABLE `y_video` (
  `id` int(11) NOT NULL AUTO_INCREMENT,
  `category_id` int(11) unsigned NOT NULL,
  `is_publish` int(11) unsigned DEFAULT '0',
  `is_comment` int(11) unsigned DEFAULT NULL,
  `is_top` int(11) unsigned DEFAULT NULL,
  `is_home` int(11) unsigned DEFAULT NULL,
  `size` int(11) unsigned DEFAULT NULL,
  `ordernum` int(11) unsigned DEFAULT '999',
  `update_time` int(11) unsigned DEFAULT NULL,
  `create_time` int(11) unsigned DEFAULT NULL,
  `hardware` varchar(255) NOT NULL DEFAULT 'pc',
  `lang` varchar(255) DEFAULT NULL,
  `title` varchar(255) DEFAULT NULL,
  `image` varchar(255) DEFAULT NULL,
  `imgwidth` varchar(255) DEFAULT NULL,
  `imgheight` varchar(255) DEFAULT NULL,
  `downfile` varchar(255) DEFAULT NULL,
  `url` text,
  `tag` varchar(255) DEFAULT NULL,
  `is_show` int(11) DEFAULT '0',
  `is_online` int(11) DEFAULT NULL,
  `y_or_t` int(11) DEFAULT NULL,
  `vWidth` varchar(255) DEFAULT NULL,
  `vHeight` varchar(255) DEFAULT NULL,
  `is_phone` int(11) DEFAULT NULL,
  `my_id` int(11) DEFAULT NULL,
  PRIMARY KEY (`id`)
) ENGINE=InnoDB DEFAULT CHARSET=utf8;


-- 2016-06-30 08:28:02
